tau_srh_s,p_recycling,bare_dit,sigma_n,sigma_p,donor_cm3,acceptor_cm3,intensity_n,intensity_p,bare_qf_cm2,z_bare_n,z_bare_p,z_num_n_0,z_num_p_0,z_num_n_1,z_num_p_1,z_num_n_2,z_num_p_2,z_num_n_3,z_num_p_3,z_num_n_4,z_num_p_4,z_num_n_5,z_num_p_5,config_id,batch_id,batch_seed,batch_size,draw_in_batch,draw_id,success,log10_dit_fit,dit_fit,qf_over_q_fit_cm2,pred_ratio_n,pred_ratio_p,log_residual_n,log_residual_p,rms_log_residual,at_boundary,n_cached_forward_points,seconds,message,state_index,state,temperature_c,observed_ratio_n,observed_ratio_p,target_ratio_n,target_ratio_p,usable_best_fit,compatible
4.8462479800981185e-09,0.3767362625653935,2021510530180.856,7.705843716620531e-15,2.435164572792859e-13,9.04433947095497e+18,5.486555010183878e+18,0.9895905377418188,13.705681281962676,70738827678.23889,0.1513189189504395,0.9474284162127716,-0.1435314149692182,-0.3388532049017003,-0.6122288002960325,0.1485533378291564,-0.2548630648905807,0.0456654789089686,-0.7233439107744568,1.483962904335539,1.3079110100004765,1.6490701149196525,-0.370681862779466,1.990027659975224,cc3991e62a14ff65,trajectory_001,20260929,3,0,cc3991e62a14ff65:trajectory_001:00000,True,12.6638790289786,4611890942573.766,-1322840407464.7393,1.0516351170170222,0.7332567204624982,0.1410457012279489,-0.0002468515487257,0.0997345245403289,False,85,678.3104276000522,`xtol` termination condition is satisfied.,0,As-deposited,25.0,0.91987,0.74597,0.9132921194101103,0.7334377483621474,True,False
4.8462479800981185e-09,0.3767362625653935,2021510530180.856,7.705843716620531e-15,2.435164572792859e-13,9.04433947095497e+18,5.486555010183878e+18,0.9895905377418188,13.705681281962676,70738827678.23889,0.1513189189504395,0.9474284162127716,-0.1435314149692182,-0.3388532049017003,-0.6122288002960325,0.1485533378291564,-0.2548630648905807,0.0456654789089686,-0.7233439107744568,1.483962904335539,1.3079110100004765,1.6490701149196525,-0.370681862779466,1.990027659975224,cc3991e62a14ff65,trajectory_001,20260929,3,0,cc3991e62a14ff65:trajectory_001:00000,True,12.022611660002454,1053444499908.188,1621334525795.3125,1.2478880363209737,0.704614570243537,2.883910607474358e-07,4.529173321008397e-07,3.79673223730864e-07,False,146,383.4498953000875,`gtol` termination condition is satisfied.,1,150 C anneal,150.0,1.286678,0.6994,1.2478876764412712,0.704614251111458,True,True
4.8462479800981185e-09,0.3767362625653935,2021510530180.856,7.705843716620531e-15,2.435164572792859e-13,9.04433947095497e+18,5.486555010183878e+18,0.9895905377418188,13.705681281962676,70738827678.23889,0.1513189189504395,0.9474284162127716,-0.1435314149692182,-0.3388532049017003,-0.6122288002960325,0.1485533378291564,-0.2548630648905807,0.0456654789089686,-0.7233439107744568,1.483962904335539,1.3079110100004765,1.6490701149196525,-0.370681862779466,1.990027659975224,cc3991e62a14ff65,trajectory_001,20260929,3,0,cc3991e62a14ff65:trajectory_001:00000,True,11.883463313057405,764651091956.9695,2060422954949.1216,1.7531053725207073,0.6581012132684291,2.315246530704735e-07,4.600402446621099e-07,3.641707646751569e-07,False,210,390.2793987999903,`gtol` termination condition is satisfied.,2,200 C anneal,200.0,1.775588,0.6566,1.7531049666336411,0.6581009105154555,True,True
4.8462479800981185e-09,0.3767362625653935,2021510530180.856,7.705843716620531e-15,2.435164572792859e-13,9.04433947095497e+18,5.486555010183878e+18,0.9895905377418188,13.705681281962676,70738827678.23889,0.1513189189504395,0.9474284162127716,-0.1435314149692182,-0.3388532049017003,-0.6122288002960325,0.1485533378291564,-0.2548630648905807,0.0456654789089686,-0.7233439107744568,1.483962904335539,1.3079110100004765,1.6490701149196525,-0.370681862779466,1.990027659975224,cc3991e62a14ff65,trajectory_001,20260929,3,0,cc3991e62a14ff65:trajectory_001:00000,True,11.728396005312211,535052016683.9716,2377605916995.392,2.7252095751526864,0.6429058685563454,-1.124250208292095e-06,3.205594611108034e-07,8.266489275842762e-07,False,270,372.4690347999567,`gtol` termination condition is satisfied.,3,250 C anneal,250.0,2.82558,0.59693,2.725212638971841,0.6429056624668197,True,True
4.8462479800981185e-09,0.3767362625653935,2021510530180.856,7.705843716620531e-15,2.435164572792859e-13,9.04433947095497e+18,5.486555010183878e+18,0.9895905377418188,13.705681281962676,70738827678.23889,0.1513189189504395,0.9474284162127716,-0.1435314149692182,-0.3388532049017003,-0.6122288002960325,0.1485533378291564,-0.2548630648905807,0.0456654789089686,-0.7233439107744568,1.483962904335539,1.3079110100004765,1.6490701149196525,-0.370681862779466,1.990027659975224,cc3991e62a14ff65,trajectory_001,20260929,3,0,cc3991e62a14ff65:trajectory_001:00000,True,11.866230780491422,734904286467.7085,2212527730931.974,1.9734658640738767,0.626912893446057,-3.70006477963736e-07,-7.962754403738361e-06,5.636593052899499e-06,False,335,390.8066069999477,`gtol` termination condition is satisfied.,4,300 C anneal,300.0,1.84854,0.5773,1.9734665942691656,0.626917885419335,True,True
4.8462479800981185e-09,0.3767362625653935,2021510530180.856,7.705843716620531e-15,2.435164572792859e-13,9.04433947095497e+18,5.486555010183878e+18,0.9895905377418188,13.705681281962676,70738827678.23889,0.1513189189504395,0.9474284162127716,-0.1435314149692182,-0.3388532049017003,-0.6122288002960325,0.1485533378291564,-0.2548630648905807,0.0456654789089686,-0.7233439107744568,1.483962904335539,1.3079110100004765,1.6490701149196525,-0.370681862779466,1.990027659975224,cc3991e62a14ff65,trajectory_001,20260929,3,0,cc3991e62a14ff65:trajectory_001:00000,True,12.14039902424278,1381653126915.2966,1670084781316.3967,1.166088048754002,0.6142806670870505,1.6494140664013789e-06,2.419030388692698e-06,2.0702988653647903e-06,False,408,469.0520724999951,`gtol` termination condition is satisfied.,5,350 C anneal,350.0,1.1879,0.5561,1.166086125393558,0.6142791811252469,True,True
6.6502119052909025e-09,0.0070304130774655,423792461942.1036,2.7186156578222343e-14,2.7557457162732415e-13,8.2608012148626e+18,5.194748176830388e+18,1.08034488804066,12.19536114334678,-180104705452.47302,1.3729838347947203,-0.3349562756376534,-1.1872629099908512,1.917581658318744,0.4066777039743462,-0.6231389645728915,-0.8886753480978401,0.8734835570682716,1.014725997329322,-0.7002162411194942,0.1772694386747846,-2.1902306849932214,-1.0855558474108875,-1.2438591751529904,cc3991e62a14ff65,trajectory_001,20260929,3,1,cc3991e62a14ff65:trajectory_001:00001,True,12.292457166068946,1960907764015.1936,-2313263672790.375,1.0171593183531369,0.8209082132385592,0.1598998287825863,-0.0001531633663857,0.1130663051127904,False,110,778.6140444000484,`ftol` termination condition is satisfied.,0,As-deposited,25.0,0.91987,0.74597,0.8668528248775437,0.821033955933334,True,False
6.6502119052909025e-09,0.0070304130774655,423792461942.1036,2.7186156578222343e-14,2.7557457162732415e-13,8.2608012148626e+18,5.194748176830388e+18,1.08034488804066,12.19536114334678,-180104705452.47302,1.3729838347947203,-0.3349562756376534,-1.1872629099908512,1.917581658318744,0.4066777039743462,-0.6231389645728915,-0.8886753480978401,0.8734835570682716,1.014725997329322,-0.7002162411194942,0.1772694386747846,-2.1902306849932214,-1.0855558474108875,-1.2438591751529904,cc3991e62a14ff65,trajectory_001,20260929,3,1,cc3991e62a14ff65:trajectory_001:00001,True,11.467538799963666,293453166394.35065,722631347993.0032,1.3131059167523018,0.677946278536613,-2.328444144598272e-06,2.1732037547648967e-06,2.252161927375364e-06,False,168,342.9325253000716,`gtol` termination condition is satisfied.,1,150 C anneal,150.0,1.286678,0.6994,1.3131089742496445,0.677944805222816,True,True
6.6502119052909025e-09,0.0070304130774655,423792461942.1036,2.7186156578222343e-14,2.7557457162732415e-13,8.2608012148626e+18,5.194748176830388e+18,1.08034488804066,12.19536114334678,-180104705452.47302,1.3729838347947203,-0.3349562756376534,-1.1872629099908512,1.917581658318744,0.4066777039743462,-0.6231389645728915,-0.8886753480978401,0.8734835570682716,1.014725997329322,-0.7002162411194942,0.1772694386747846,-2.1902306849932214,-1.0855558474108875,-1.2438591751529904,cc3991e62a14ff65,trajectory_001,20260929,3,1,cc3991e62a14ff65:trajectory_001:00001,True,11.313846425551278,205990136577.5849,996948975587.5874,1.6984188625897143,0.6859119299392721,-1.308320823998636e-07,5.45505805636217e-08,1.0023173056700378e-07,False,228,379.5622329000616,`gtol` termination condition is satisfied.,2,200 C anneal,200.0,1.775588,0.6566,1.6984190847974057,0.6859118925223792,True,True
6.6502119052909025e-09,0.0070304130774655,423792461942.1036,2.7186156578222343e-14,2.7557457162732415e-13,8.2608012148626e+18,5.194748176830388e+18,1.08034488804066,12.19536114334678,-180104705452.47302,1.3729838347947203,-0.3349562756376534,-1.1872629099908512,1.917581658318744,0.4066777039743462,-0.6231389645728915,-0.8886753480978401,0.8734835570682716,1.014725997329322,-0.7002162411194942,0.1772694386747846,-2.1902306849932214,-1.0855558474108875,-1.2438591751529904,cc3991e62a14ff65,trajectory_001,20260929,3,1,cc3991e62a14ff65:trajectory_001:00001,True,11.087798391516614,122404783902.24182,1509393203052.0642,2.9726341076799967,0.576392896393692,-1.4884366529817434e-06,4.984273395315821e-07,1.109926457638529e-06,False,291,399.00692389998585,`gtol` termination condition is satisfied.,3,250 C anneal,250.0,2.82558,0.59693,2.972638532260852,0.5763926091037856,True,True
6.6502119052909025e-09,0.0070304130774655,423792461942.1036,2.7186156578222343e-14,2.7557457162732415e-13,8.2608012148626e+18,5.194748176830388e+18,1.08034488804066,12.19536114334678,-180104705452.47302,1.3729838347947203,-0.3349562756376534,-1.1872629099908512,1.917581658318744,0.4066777039743462,-0.6231389645728915,-0.8886753480978401,0.8734835570682716,1.014725997329322,-0.7002162411194942,0.1772694386747846,-2.1902306849932214,-1.0855558474108875,-1.2438591751529904,cc3991e62a14ff65,trajectory_001,20260929,3,1,cc3991e62a14ff65:trajectory_001:00001,True,11.350475899976216,224117567421.4268,1210358623409.938,1.864997539956104,0.517417812734954,1.2377546176924966e-07,1.6873860217650809e-07,1.4797479650378444e-07,False,350,396.7098806001013,`gtol` termination condition is satisfied.,4,300 C anneal,300.0,1.84854,0.5773,1.864997309115186,0.5174177254266029,True,True
6.6502119052909025e-09,0.0070304130774655,423792461942.1036,2.7186156578222343e-14,2.7557457162732415e-13,8.2608012148626e+18,5.194748176830388e+18,1.08034488804066,12.19536114334678,-180104705452.47302,1.3729838347947203,-0.3349562756376534,-1.1872629099908512,1.917581658318744,0.4066777039743462,-0.6231389645728915,-0.8886753480978401,0.8734835570682716,1.014725997329322,-0.7002162411194942,0.1772694386747846,-2.1902306849932214,-1.0855558474108875,-1.2438591751529904,cc3991e62a14ff65,trajectory_001,20260929,3,1,cc3991e62a14ff65:trajectory_001:00001,True,11.68815994063026,487708068655.0325,542517057714.1016,1.1251396907808495,0.5225680131777353,-2.052411856237612e-06,-3.1306904892289646e-08,1.4514431697311912e-06,False,420,494.5677534999559,`gtol` termination condition is satisfied.,5,350 C anneal,350.0,1.1879,0.5561,1.1251420000332606,0.5225680295377226,True,True
3.384987656502752e-09,0.8169930827265688,1379958515699.315,5.710009913886825e-15,2.7722396328379222e-14,8.056827801244212e+18,4.805436950406344e+18,0.9242688611856504,13.163376973962482,216090216869.64795,-0.6534689550730974,-1.3201349581652675,0.7974284362755701,-1.6401203979053238,1.97959783094709,0.5370973448591174,0.5866771065413718,-0.7134474375917997,0.0705009188830813,-0.4264956706127475,-0.8321828714928753,0.3598320326159783,0.55463269756492,-0.3099085907341094,cc3991e62a14ff65,trajectory_001,20260929,3,2,cc3991e62a14ff65:trajectory_001:00002,True,12.746274287291913,5575377617890.628,-2785732428986.3623,0.9838873287842425,0.6872317207346325,0.0274076097035691,-7.836025270560137e-06,0.0193801074695997,False,197,1535.568380999961,`gtol` termination condition is satisfied.,0,As-deposited,25.0,0.91987,0.74597,0.9572875126508376,0.6872371059208621,True,True
3.384987656502752e-09,0.8169930827265688,1379958515699.315,5.710009913886825e-15,2.7722396328379222e-14,8.056827801244212e+18,4.805436950406344e+18,0.9242688611856504,13.163376973962482,216090216869.64795,-0.6534689550730974,-1.3201349581652675,0.7974284362755701,-1.6401203979053238,1.97959783094709,0.5370973448591174,0.5866771065413718,-0.7134474375917997,0.0705009188830813,-0.4264956706127475,-0.8321828714928753,0.3598320326159783,0.55463269756492,-0.3099085907341094,cc3991e62a14ff65,trajectory_001,20260929,3,2,cc3991e62a14ff65:trajectory_001:00002,True,12.032193876602658,1076945873684.4736,914026297559.364,1.420547985759372,0.7184364887683179,-8.919721936759411e-07,-3.844587323687306e-07,6.868125330778559e-07,False,259,366.83601530001033,`gtol` termination condition is satisfied.,1,150 C anneal,150.0,1.286678,0.6994,1.42054925284924,0.7184367649775527,True,True
3.384987656502752e-09,0.8169930827265688,1379958515699.315,5.710009913886825e-15,2.7722396328379222e-14,8.056827801244212e+18,4.805436950406344e+18,0.9242688611856504,13.163376973962482,216090216869.64795,-0.6534689550730974,-1.3201349581652675,0.7974284362755701,-1.6401203979053238,1.97959783094709,0.5370973448591174,0.5866771065413718,-0.7134474375917997,0.0705009188830813,-0.4264956706127475,-0.8321828714928753,0.3598320326159783,0.55463269756492,-0.3099085907341094,cc3991e62a14ff65,trajectory_001,20260929,3,2,cc3991e62a14ff65:trajectory_001:00002,True,11.978446429360735,951582462267.4086,1173113969772.5027,1.828444368876294,0.6335904005407863,4.2682150679984073e-08,5.6535903692490214e-08,5.0090290441338993e-08,False,331,425.6237057000399,`gtol` termination condition is satisfied.,2,200 C anneal,200.0,1.775588,0.6566,1.8284442908343577,0.6335903647201815,True,True
3.384987656502752e-09,0.8169930827265688,1379958515699.315,5.710009913886825e-15,2.7722396328379222e-14,8.056827801244212e+18,4.805436950406344e+18,0.9242688611856504,13.163376973962482,216090216869.64795,-0.6534689550730974,-1.3201349581652675,0.7974284362755701,-1.6401203979053238,1.97959783094709,0.5370973448591174,0.5866771065413718,-0.7134474375917997,0.0705009188830813,-0.4264956706127475,-0.8321828714928753,0.3598320326159783,0.55463269756492,-0.3099085907341094,cc3991e62a14ff65,trajectory_001,20260929,3,2,cc3991e62a14ff65:trajectory_001:00002,True,11.876966674744294,753297757787.2134,1476245122581.9536,2.8355574176620086,0.5843354171473204,-1.613647739059786e-07,9.232995497128417e-08,1.3145990043113328e-07,False,401,448.2667436999036,`gtol` termination condition is satisfied.,3,250 C anneal,250.0,2.82558,0.59693,2.8355578752211272,0.5843353631956602,True,True
3.384987656502752e-09,0.8169930827265688,1379958515699.315,5.710009913886825e-15,2.7722396328379222e-14,8.056827801244212e+18,4.805436950406344e+18,0.9242688611856504,13.163376973962482,216090216869.64795,-0.6534689550730974,-1.3201349581652675,0.7974284362755701,-1.6401203979053238,1.97959783094709,0.5370973448591174,0.5866771065413718,-0.7134474375917997,0.0705009188830813,-0.4264956706127475,-0.8321828714928753,0.3598320326159783,0.55463269756492,-0.3099085907341094,cc3991e62a14ff65,trajectory_001,20260929,3,2,cc3991e62a14ff65:trajectory_001:00002,True,12.001850499409532,1004270023034.2568,1193926074506.1606,1.7732018491254065,0.5877803363960677,-1.280461585473569e-07,-3.631542474446176e-07,2.722836996184323e-07,False,477,1027.381884799921,`gtol` termination condition is satisfied.,4,300 C anneal,300.0,1.84854,0.5773,1.773202076177106,0.5877805498510322,True,True
3.384987656502752e-09,0.8169930827265688,1379958515699.315,5.710009913886825e-15,2.7722396328379222e-14,8.056827801244212e+18,4.805436950406344e+18,0.9242688611856504,13.163376973962482,216090216869.64795,-0.6534689550730974,-1.3201349581652675,0.7974284362755701,-1.6401203979053238,1.97959783094709,0.5370973448591174,0.5866771065413718,-0.7134474375917997,0.0705009188830813,-0.4264956706127475,-0.8321828714928753,0.3598320326159783,0.55463269756492,-0.3099085907341094,cc3991e62a14ff65,trajectory_001,20260929,3,2,cc3991e62a14ff65:trajectory_001:00002,True,12.141432455995933,1384944774506.4792,898417015242.5752,1.2213034093356872,0.5475493628424416,-2.0437761247955932e-08,-8.65875496597672e-08,6.290908456221208e-08,False,551,1336.749478099984,`gtol` termination condition is satisfied.,5,350 C anneal,350.0,1.1879,0.5561,1.2213034342963949,0.5475494102534013,True,True
4.674846380333686e-09,0.5063558198291547,2377489490651.0693,6.8075709064179445e-15,1.9079732589386998e-13,8.5637781416761e+18,5.034703707051018e+18,1.050164459184764,13.595341475018628,-364315765806.4003,1.380473200185599,-2.226294761994605,-0.3403632771542419,0.4250472122173596,1.4991431027750377,0.2749749242389886,-1.2847054196620276,-0.23294810357977,-0.5686832872349741,0.0645838267622644,0.25799855876077,0.9158825777954372,0.9909764962678478,0.9936608735845708,cc3991e62a14ff65,trajectory_002,20260930,3,0,cc3991e62a14ff65:trajectory_002:00000,True,12.551676121084917,3561854059669.421,-846314904483.7483,1.053163670014464,0.7617987319200702,0.1523397403150099,-0.0002553560694632,0.1077206147540174,False,132,1119.3943479999434,`ftol` termination condition is satisfied.,0,As-deposited,25.0,0.91987,0.74597,0.90434795458836,0.7619932866892888,True,False
4.674846380333686e-09,0.5063558198291547,2377489490651.0693,6.8075709064179445e-15,1.9079732589386998e-13,8.5637781416761e+18,5.034703707051018e+18,1.050164459184764,13.595341475018628,-364315765806.4003,1.380473200185599,-2.226294761994605,-0.3403632771542419,0.4250472122173596,1.4991431027750377,0.2749749242389886,-1.2847054196620276,-0.23294810357977,-0.5686832872349741,0.0645838267622644,0.25799855876077,0.9158825777954372,0.9909764962678478,0.9936608735845708,cc3991e62a14ff65,trajectory_002,20260930,3,0,cc3991e62a14ff65:trajectory_002:00000,True,11.942204440596193,875395763687.8038,1560477663094.3557,1.3868300979488848,0.7090820520067231,-2.204407664017634e-07,-3.2179967195071095e-07,2.758162072462222e-07,False,197,402.6321692999918,`gtol` termination condition is satisfied.,1,150 C anneal,150.0,1.286678,0.6994,1.386830403662808,0.7090822801891316,True,True
4.674846380333686e-09,0.5063558198291547,2377489490651.0693,6.8075709064179445e-15,1.9079732589386998e-13,8.5637781416761e+18,5.034703707051018e+18,1.050164459184764,13.595341475018628,-364315765806.4003,1.380473200185599,-2.226294761994605,-0.3403632771542419,0.4250472122173596,1.4991431027750377,0.2749749242389886,-1.2847054196620276,-0.23294810357977,-0.5686832872349741,0.0645838267622644,0.25799855876077,0.9158825777954372,0.9909764962678478,0.9936608735845708,cc3991e62a14ff65,trajectory_002,20260930,3,0,cc3991e62a14ff65:trajectory_002:00000,True,11.886160740274928,769415162117.765,1801579581119.588,1.6651190264583586,0.6489969706565607,2.4354677217939604e-07,4.4909523274455533e-07,3.612489157858394e-07,False,264,376.841082500061,`gtol` termination condition is satisfied.,2,200 C anneal,200.0,1.775588,0.6566,1.6651186209240438,0.6489966791951806,True,True
4.674846380333686e-09,0.5063558198291547,2377489490651.0693,6.8075709064179445e-15,1.9079732589386998e-13,8.5637781416761e+18,5.034703707051018e+18,1.050164459184764,13.595341475018628,-364315765806.4003,1.380473200185599,-2.226294761994605,-0.3403632771542419,0.4250472122173596,1.4991431027750377,0.2749749242389886,-1.2847054196620276,-0.23294810357977,-0.5686832872349741,0.0645838267622644,0.25799855876077,0.9158825777954372,0.9909764962678478,0.9936608735845708,cc3991e62a14ff65,trajectory_002,20260930,3,0,cc3991e62a14ff65:trajectory_002:00000,True,11.732557031965731,540203050086.84015,2195351843059.2505,2.746368222400245,0.5988604784643737,-9.644144148698974e-08,-3.98039854580088e-07,2.896003085894644e-07,False,329,2522.768231999944,`gtol` termination condition is satisfied.,3,250 C anneal,250.0,2.82558,0.59693,2.746368487263968,0.5988607168347589,True,True
4.674846380333686e-09,0.5063558198291547,2377489490651.0693,6.8075709064179445e-15,1.9079732589386998e-13,8.5637781416761e+18,5.034703707051018e+18,1.050164459184764,13.595341475018628,-364315765806.4003,1.380473200185599,-2.226294761994605,-0.3403632771542419,0.4250472122173596,1.4991431027750377,0.2749749242389886,-1.2847054196620276,-0.23294810357977,-0.5686832872349741,0.0645838267622644,0.25799855876077,0.9158825777954372,0.9909764962678478,0.9936608735845708,cc3991e62a14ff65,trajectory_002,20260930,3,0,cc3991e62a14ff65:trajectory_002:00000,True,11.867948931883804,737817466043.7781,1953411776111.4304,1.8725409014107213,0.6043518038724266,2.131153193313107e-07,2.941584933754407e-07,2.568534198318135e-07,False,391,250.91993180010468,`gtol` termination condition is satisfied.,4,300 C anneal,300.0,1.84854,0.5773,1.872540502343612,0.6043516260972367,True,True
4.674846380333686e-09,0.5063558198291547,2377489490651.0693,6.8075709064179445e-15,1.9079732589386998e-13,8.5637781416761e+18,5.034703707051018e+18,1.050164459184764,13.595341475018628,-364315765806.4003,1.380473200185599,-2.226294761994605,-0.3403632771542419,0.4250472122173596,1.4991431027750377,0.2749749242389886,-1.2847054196620276,-0.23294810357977,-0.5686832872349741,0.0645838267622644,0.25799855876077,0.9158825777954372,0.9909764962678478,0.9936608735845708,cc3991e62a14ff65,trajectory_002,20260930,3,0,cc3991e62a14ff65:trajectory_002:00000,True,12.068611984592978,1171148548791.1616,1596399038477.0376,1.24823847425705,0.5844240506233653,-2.5302920867135207e-06,-4.344456701186938e-06,3.5550444492701604e-06,False,461,321.7989639999578,`gtol` termination condition is satisfied.,5,350 C anneal,350.0,1.1879,0.5561,1.2482416326689796,0.5844265896338637,True,True
2.181717411361146e-09,0.868118185701512,456399691626.8612,3.859064745389708e-15,3.089352475083274e-14,7.943569605706998e+18,4.635921602941568e+18,0.9424190036098566,13.173049211748207,268033992764.5221,-0.2556825603697897,1.2810729040098698,-2.1024812176710763,-0.6619874947993312,-0.8396796987070413,0.5233832331955358,-0.2202610090828113,-1.3766316663528615,0.8938617143054695,0.8307558632991814,-0.6133937749285334,0.268417891577475,0.0149131600547819,-0.8737727107230787,cc3991e62a14ff65,trajectory_002,20260930,3,1,cc3991e62a14ff65:trajectory_002:00001,True,11.876692878779474,752822999542.045,231638355059.5153,0.8280787305054381,0.7216831271153014,-5.981085761229697e-08,1.5026615444270066e-07,1.1436182898877586e-07,False,101,698.5842685999814,`gtol` termination condition is satisfied.,0,As-deposited,25.0,0.91987,0.74597,0.8280787800335386,0.7216830186707613,True,True
2.181717411361146e-09,0.868118185701512,456399691626.8612,3.859064745389708e-15,3.089352475083274e-14,7.943569605706998e+18,4.635921602941568e+18,0.9424190036098566,13.173049211748207,268033992764.5221,-0.2556825603697897,1.2810729040098698,-2.1024812176710763,-0.6619874947993312,-0.8396796987070413,0.5233832331955358,-0.2202610090828113,-1.3766316663528615,0.8938617143054695,0.8307558632991814,-0.6133937749285334,0.268417891577475,0.0149131600547819,-0.8737727107230787,cc3991e62a14ff65,trajectory_002,20260930,3,1,cc3991e62a14ff65:trajectory_002:00001,True,11.716962062749516,521149184782.39966,622157586651.6018,1.233776830000661,0.717943993641433,3.4011218697396214e-07,-4.235681548826046e-07,3.841134477982159e-07,False,180,367.6079790999647,`gtol` termination condition is satisfied.,1,150 C anneal,150.0,1.286678,0.6994,1.2337764103781963,0.7179442977397101,True,True
2.181717411361146e-09,0.868118185701512,456399691626.8612,3.859064745389708e-15,3.089352475083274e-14,7.943569605706998e+18,4.635921602941568e+18,0.9424190036098566,13.173049211748207,268033992764.5221,-0.2556825603697897,1.2810729040098698,-2.1024812176710763,-0.6619874947993312,-0.8396796987070413,0.5233832331955358,-0.2202610090828113,-1.3766316663528615,0.8938617143054695,0.8307558632991814,-0.6133937749285334,0.268417891577475,0.0149131600547819,-0.8737727107230787,cc3991e62a14ff65,trajectory_002,20260930,3,1,cc3991e62a14ff65:trajectory_002:00001,True,11.640874381398987,437395571275.9132,932509976704.984,1.7561403670359557,0.6129252862648906,-1.5753395552104846e-07,-3.75354605565918e-07,2.878437310952365e-07,False,250,324.189910300076,`gtol` termination condition is satisfied.,2,200 C anneal,200.0,1.775588,0.6566,1.7561406436877158,0.6129255163292628,True,True
2.181717411361146e-09,0.868118185701512,456399691626.8612,3.859064745389708e-15,3.089352475083274e-14,7.943569605706998e+18,4.635921602941568e+18,0.9424190036098566,13.173049211748207,268033992764.5221,-0.2556825603697897,1.2810729040098698,-2.1024812176710763,-0.6619874947993312,-0.8396796987070413,0.5233832331955358,-0.2202610090828113,-1.3766316663528615,0.8938617143054695,0.8307558632991814,-0.6133937749285334,0.268417891577475,0.0149131600547819,-0.8737727107230787,cc3991e62a14ff65,trajectory_002,20260930,3,1,cc3991e62a14ff65:trajectory_002:00001,True,11.42285156622939,264759508522.85352,1294631924378.886,2.954725245499112,0.6222466383711928,-1.0719663615807992e-06,-1.107895015490512e-06,1.09007872323734e-06,False,326,361.5391910999315,`gtol` termination condition is satisfied.,3,250 C anneal,250.0,2.82558,0.59693,2.9547284128668805,0.6222473277555237,True,True
2.181717411361146e-09,0.868118185701512,456399691626.8612,3.859064745389708e-15,3.089352475083274e-14,7.943569605706998e+18,4.635921602941568e+18,0.9424190036098566,13.173049211748207,268033992764.5221,-0.2556825603697897,1.2810729040098698,-2.1024812176710763,-0.6619874947993312,-0.8396796987070413,0.5233832331955358,-0.2202610090828113,-1.3766316663528615,0.8938617143054695,0.8307558632991814,-0.6133937749285334,0.268417891577475,0.0149131600547819,-0.8737727107230787,cc3991e62a14ff65,trajectory_002,20260930,3,1,cc3991e62a14ff65:trajectory_002:00001,True,11.64481860491222,441386051769.19946,966554437378.6594,1.7927041562809265,0.5850986531422439,-1.267857371463468e-06,-2.4857816796305336e-06,1.973141261182413e-06,False,397,302.00206770014483,`gtol` termination condition is satisfied.,4,300 C anneal,300.0,1.84854,0.5773,1.7927064291755466,0.5851001075715643,True,True
2.181717411361146e-09,0.868118185701512,456399691626.8612,3.859064745389708e-15,3.089352475083274e-14,7.943569605706998e+18,4.635921602941568e+18,0.9424190036098566,13.173049211748207,268033992764.5221,-0.2556825603697897,1.2810729040098698,-2.1024812176710763,-0.6619874947993312,-0.8396796987070413,0.5233832331955358,-0.2202610090828113,-1.3766316663528615,0.8938617143054695,0.8307558632991814,-0.6133937749285334,0.268417891577475,0.0149131600547819,-0.8737727107230787,cc3991e62a14ff65,trajectory_002,20260930,3,1,cc3991e62a14ff65:trajectory_002:00001,True,11.79651974284694,625921317398.0635,739033756050.5854,1.188784045178905,0.5323367316713415,-1.7263712122438916e-06,1.6744722652212445e-05,1.190306881148683e-05,False,460,280.0390706998296,`gtol` termination condition is satisfied.,5,350 C anneal,350.0,1.1879,0.5561,1.1887860974632296,0.5323278179150415,True,True
8.304979393393511e-09,0.2774131908560121,720147069412.4364,4.4375168910280736e-14,1.8988426858572189e-13,8.806066487141036e+18,5.335826158374897e+18,0.994988065258077,11.909881703846658,-44048137355.38049,-0.5800105405959652,0.3928505651646953,0.8345531326651341,0.8970729420439422,0.0279109394750305,-0.5596663206268918,1.2436858026252944,1.138755927015175,-0.0208917536555486,-1.0755524442655668,0.7879113998233213,-1.4469301749805856,-0.4536989006290173,0.1286060532796365,cc3991e62a14ff65,trajectory_002,20260930,3,2,cc3991e62a14ff65:trajectory_002:00002,True,12.429834327187018,2690508244486.536,-1920520366556.9912,1.0258939211892295,0.7797909054424369,0.0673596173876438,-0.0005132182192491,0.0476318246949995,False,133,757.0489687002264,`ftol` termination condition is satisfied.,0,As-deposited,25.0,0.91987,0.74597,0.959066113303606,0.7801912110555953,True,False
8.304979393393511e-09,0.2774131908560121,720147069412.4364,4.4375168910280736e-14,1.8988426858572189e-13,8.806066487141036e+18,5.335826158374897e+18,0.994988065258077,11.909881703846658,-44048137355.38049,-0.5800105405959652,0.3928505651646953,0.8345531326651341,0.8970729420439422,0.0279109394750305,-0.5596663206268918,1.2436858026252944,1.138755927015175,-0.0208917536555486,-1.0755524442655668,0.7879113998233213,-1.4469301749805856,-0.4536989006290173,0.1286060532796365,cc3991e62a14ff65,trajectory_002,20260930,3,2,cc3991e62a14ff65:trajectory_002:00002,True,11.727440003340115,533875514957.3607,949389358568.7888,1.2884730588174964,0.6800984362100173,-1.4080923890648822e-06,-1.96177199233306e-06,1.7075235761249195e-06,False,194,279.098561400082,`gtol` termination condition is satisfied.,1,150 C anneal,150.0,1.286678,0.6994,1.2884748731078814,0.6800997704093902,True,True
8.304979393393511e-09,0.2774131908560121,720147069412.4364,4.4375168910280736e-14,1.8988426858572189e-13,8.806066487141036e+18,5.335826158374897e+18,0.994988065258077,11.909881703846658,-44048137355.38049,-0.5800105405959652,0.3928505651646953,0.8345531326651341,0.8970729420439422,0.0279109394750305,-0.5596663206268918,1.2436858026252944,1.138755927015175,-0.0208917536555486,-1.0755524442655668,0.7879113998233213,-1.4469301749805856,-0.4536989006290173,0.1286060532796365,cc3991e62a14ff65,trajectory_002,20260930,3,2,cc3991e62a14ff65:trajectory_002:00002,True,11.52169292757006,332424426031.6888,1314539589083.898,1.889506975322604,0.6950700469470793,9.616813743506328e-09,-1.73957909997415e-07,1.231946377835619e-07,False,255,277.8566419999115,`gtol` termination condition is satisfied.,2,200 C anneal,200.0,1.775588,0.6566,1.889506957151567,0.6950701678600225,True,True
8.304979393393511e-09,0.2774131908560121,720147069412.4364,4.4375168910280736e-14,1.8988426858572189e-13,8.806066487141036e+18,5.335826158374897e+18,0.994988065258077,11.909881703846658,-44048137355.38049,-0.5800105405959652,0.3928505651646953,0.8345531326651341,0.8970729420439422,0.0279109394750305,-0.5596663206268918,1.2436858026252944,1.138755927015175,-0.0208917536555486,-1.0755524442655668,0.7879113998233213,-1.4469301749805856,-0.4536989006290173,0.1286060532796365,cc3991e62a14ff65,trajectory_002,20260930,3,2,cc3991e62a14ff65:trajectory_002:00002,True,11.446674732933698,279688579313.10913,1770764488304.0957,2.822642581996457,0.5656739707133768,4.466396577797528e-06,-4.342610012579576e-06,4.404938144373758e-06,False,317,292.8990215999074,`gtol` termination condition is satisfied.,3,250 C anneal,250.0,2.82558,0.59693,2.8226299749834425,0.5656764272201596,True,True
8.304979393393511e-09,0.2774131908560121,720147069412.4364,4.4375168910280736e-14,1.8988426858572189e-13,8.806066487141036e+18,5.335826158374897e+18,0.994988065258077,11.909881703846658,-44048137355.38049,-0.5800105405959652,0.3928505651646953,0.8345531326651341,0.8970729420439422,0.0279109394750305,-0.5596663206268918,1.2436858026252944,1.138755927015175,-0.0208917536555486,-1.0755524442655668,0.7879113998233213,-1.4469301749805856,-0.4536989006290173,0.1286060532796365,cc3991e62a14ff65,trajectory_002,20260930,3,2,cc3991e62a14ff65:trajectory_002:00002,True,11.64020890322982,436725854486.4229,1568842949211.3872,1.922820452976984,0.5370087375668311,1.3857423819335563e-06,-1.1878671930204162e-06,1.2906026532866514e-06,False,371,238.9803191998508,`gtol` termination condition is satisfied.,4,300 C anneal,300.0,1.84854,0.5773,1.922817788445036,0.5370093754622717,True,True
8.304979393393511e-09,0.2774131908560121,720147069412.4364,4.4375168910280736e-14,1.8988426858572189e-13,8.806066487141036e+18,5.335826158374897e+18,0.994988065258077,11.909881703846658,-44048137355.38049,-0.5800105405959652,0.3928505651646953,0.8345531326651341,0.8970729420439422,0.0279109394750305,-0.5596663206268918,1.2436858026252944,1.138755927015175,-0.0208917536555486,-1.0755524442655668,0.7879113998233213,-1.4469301749805856,-0.4536989006290173,0.1286060532796365,cc3991e62a14ff65,trajectory_002,20260930,3,2,cc3991e62a14ff65:trajectory_002:00002,True,11.89684422326965,788577212772.5735,944400514051.7546,1.161255898357516,0.5596873451400156,-6.8313349655036e-09,-1.2129259688370173e-07,8.590273917694095e-08,False,444,354.7247981000692,`gtol` termination condition is satisfied.,5,350 C anneal,350.0,1.1879,0.5561,1.161255906290444,0.5596874130259513,True,True
3.991009421667441e-09,0.4079587663438874,328242756612.2165,1.6333295721071003e-14,7.256446760125758e-14,8.719161446603928e+18,4.941498975411344e+18,0.9412287360581324,12.859514362622434,412035802796.9481,0.6540235612138809,0.6031025125044858,0.4824195817153154,0.5851755345615245,1.0249437783509934,-0.2831755211356688,-2.1031963268439657,-0.7654142665844745,-2.0806257234756664,1.959507046994337,-1.6195967300867808,1.2631767456813638,-0.5992999755328812,0.39583249459591,cc3991e62a14ff65,trajectory_003,20260931,6,0,cc3991e62a14ff65:trajectory_003:00000,True,11.658321532250234,455325037728.1727,445479256937.8181,0.9423278184902968,0.7681187294455256,-1.1811551090878389e-07,1.551851922012914e-07,1.3790162761148757e-07,False,84,581.9374242001213,`gtol` termination condition is satisfied.,0,As-deposited,25.0,0.91987,0.74597,0.9423279297938352,0.7681186102448821,True,True
3.991009421667441e-09,0.4079587663438874,328242756612.2165,1.6333295721071003e-14,7.256446760125758e-14,8.719161446603928e+18,4.941498975411344e+18,0.9412287360581324,12.859514362622434,412035802796.9481,0.6540235612138809,0.6031025125044858,0.4824195817153154,0.5851755345615245,1.0249437783509934,-0.2831755211356688,-2.1031963268439657,-0.7654142665844745,-2.0806257234756664,1.959507046994337,-1.6195967300867808,1.2631767456813638,-0.5992999755328812,0.39583249459591,cc3991e62a14ff65,trajectory_003,20260931,6,0,cc3991e62a14ff65:trajectory_003:00000,True,11.52411706391002,334285134312.09576,836319734677.039,1.35433550831779,0.6895668540668508,4.2303361695913784e-08,-3.958264916523339e-07,2.814855110876672e-07,False,151,318.16384400008246,`gtol` termination condition is satisfied.,1,150 C anneal,150.0,1.286678,0.6994,1.3543354510248464,0.6895671270157334,True,True
3.991009421667441e-09,0.4079587663438874,328242756612.2165,1.6333295721071003e-14,7.256446760125758e-14,8.719161446603928e+18,4.941498975411344e+18,0.9412287360581324,12.859514362622434,412035802796.9481,0.6540235612138809,0.6031025125044858,0.4824195817153154,0.5851755345615245,1.0249437783509934,-0.2831755211356688,-2.1031963268439657,-0.7654142665844745,-2.0806257234756664,1.959507046994337,-1.6195967300867808,1.2631767456813638,-0.5992999755328812,0.39583249459591,cc3991e62a14ff65,trajectory_003,20260931,6,0,cc3991e62a14ff65:trajectory_003:00000,True,11.481586748530168,303100566819.7685,997931886262.6852,1.5983483291255038,0.6319456734076399,-1.01756736383914e-06,-8.610842045248063e-07,9.425787360302204e-07,False,209,274.46878560003825,`gtol` termination condition is satisfied.,2,200 C anneal,200.0,1.775588,0.6566,1.598349955553427,0.6319462175663116,True,True
3.991009421667441e-09,0.4079587663438874,328242756612.2165,1.6333295721071003e-14,7.256446760125758e-14,8.719161446603928e+18,4.941498975411344e+18,0.9412287360581324,12.859514362622434,412035802796.9481,0.6540235612138809,0.6031025125044858,0.4824195817153154,0.5851755345615245,1.0249437783509934,-0.2831755211356688,-2.1031963268439657,-0.7654142665844745,-2.0806257234756664,1.959507046994337,-1.6195967300867808,1.2631767456813638,-0.5992999755328812,0.39583249459591,cc3991e62a14ff65,trajectory_003,20260931,6,0,cc3991e62a14ff65:trajectory_003:00000,True,11.255592878695024,180132832730.6614,1333141486593.742,2.5464002705554414,0.6583752426834909,-1.6638500612559006e-06,-1.5952302685537694e-07,1.1819146801775423e-06,False,274,324.4407037000637,`gtol` termination condition is satisfied.,3,250 C anneal,250.0,2.82558,0.59693,2.546404507387212,0.6583753477095108,True,True
3.991009421667441e-09,0.4079587663438874,328242756612.2165,1.6333295721071003e-14,7.256446760125758e-14,8.719161446603928e+18,4.941498975411344e+18,0.9412287360581324,12.859514362622434,412035802796.9481,0.6540235612138809,0.6031025125044858,0.4824195817153154,0.5851755345615245,1.0249437783509934,-0.2831755211356688,-2.1031963268439657,-0.7654142665844745,-2.0806257234756664,1.959507046994337,-1.6195967300867808,1.2631767456813638,-0.5992999755328812,0.39583249459591,cc3991e62a14ff65,trajectory_003,20260931,6,0,cc3991e62a14ff65:trajectory_003:00000,True,11.462996965404333,290400236292.4624,1056075841359.078,1.7047445428489052,0.6149373260543631,-1.0305539825958954e-06,-5.455921924901788e-07,8.245339142662663e-07,False,335,289.09001489984803,`gtol` termination condition is satisfied.,4,300 C anneal,300.0,1.84854,0.5773,1.7047462996810885,0.6149376615594586,True,True
3.991009421667441e-09,0.4079587663438874,328242756612.2165,1.6333295721071003e-14,7.256446760125758e-14,8.719161446603928e+18,4.941498975411344e+18,0.9412287360581324,12.859514362622434,412035802796.9481,0.6540235612138809,0.6031025125044858,0.4824195817153154,0.5851755345615245,1.0249437783509934,-0.2831755211356688,-2.1031963268439657,-0.7654142665844745,-2.0806257234756664,1.959507046994337,-1.6195967300867808,1.2631767456813638,-0.5992999755328812,0.39583249459591,cc3991e62a14ff65,trajectory_003,20260931,6,0,cc3991e62a14ff65:trajectory_003:00000,True,11.638346257912646,434856792231.9785,799612337298.7628,1.1528323296438852,0.5672158649609277,-2.3377510573189306e-07,1.865679732083133e-07,2.114927997438869e-07,False,403,283.84324200009,`gtol` termination condition is satisfied.,5,350 C anneal,350.0,1.1879,0.5561,1.1528325991474164,0.5672157591366233,True,True
5.145199206205436e-09,0.3041142405165014,738296170221.242,1.4497985236029153e-14,1.5471636783432322e-13,8.0521899808619e+18,4.773780033865333e+18,1.043329383551485,13.722197012949708,127304688953.7766,1.617159210836529,-0.8191405823257188,-1.3272674998390448,-2.014403938292665,-1.2667420501670368,1.4309912280027453,-0.4583869766207665,1.268537387225949,0.2028213968689986,0.7752912810174369,-0.362637129660176,0.0961111943782015,-2.150238326622368,-1.1701700991521973,cc3991e62a14ff65,trajectory_003,20260931,6,1,cc3991e62a14ff65:trajectory_003:00001,True,12.645906522881145,4424931203262.568,-3082613561215.5747,1.0087397421480249,0.6744976818293049,0.1585880699392226,3.050765825094502e-06,0.11213869969006,False,126,567.9111721999943,`gtol` termination condition is satisfied.,0,As-deposited,25.0,0.91987,0.74597,0.8608058459806935,0.6744956240979669,True,False
5.145199206205436e-09,0.3041142405165014,738296170221.242,1.4497985236029153e-14,1.5471636783432322e-13,8.0521899808619e+18,4.773780033865333e+18,1.043329383551485,13.722197012949708,127304688953.7766,1.617159210836529,-0.8191405823257188,-1.3272674998390448,-2.014403938292665,-1.2667420501670368,1.4309912280027453,-0.4583869766207665,1.268537387225949,0.2028213968689986,0.7752912810174369,-0.362637129660176,0.0961111943782015,-2.150238326622368,-1.1701700991521973,cc3991e62a14ff65,trajectory_003,20260931,6,1,cc3991e62a14ff65:trajectory_003:00001,True,11.766332743445371,583892293755.6718,732802812291.7025,1.2077141254598018,0.7512724797837523,2.819845254572588e-06,-3.977454636595201e-06,3.447584128481001e-06,False,187,246.3413062999025,`gtol` termination condition is satisfied.,1,150 C anneal,150.0,1.286678,0.6994,1.2077107198976578,0.751275467941903,True,True
5.145199206205436e-09,0.3041142405165014,738296170221.242,1.4497985236029153e-14,1.5471636783432322e-13,8.0521899808619e+18,4.773780033865333e+18,1.043329383551485,13.722197012949708,127304688953.7766,1.617159210836529,-0.8191405823257188,-1.3272674998390448,-2.014403938292665,-1.2667420501670368,1.4309912280027453,-0.4583869766207665,1.268537387225949,0.2028213968689986,0.7752912810174369,-0.362637129660176,0.0961111943782015,-2.150238326622368,-1.1701700991521973,cc3991e62a14ff65,trajectory_003,20260931,6,1,cc3991e62a14ff65:trajectory_003:00001,True,11.58278641988946,382636521608.86426,1163221396414.643,1.735354923648922,0.6995950482324005,-3.274224939853799e-07,-2.093076758914846e-07,2.747864559568947e-07,False,252,253.07490380015224,`gtol` termination condition is satisfied.,2,200 C anneal,200.0,1.775588,0.6566,1.735355491843252,0.6995951946630294,True,True
5.145199206205436e-09,0.3041142405165014,738296170221.242,1.4497985236029153e-14,1.5471636783432322e-13,8.0521899808619e+18,4.773780033865333e+18,1.043329383551485,13.722197012949708,127304688953.7766,1.617159210836529,-0.8191405823257188,-1.3272674998390448,-2.014403938292665,-1.2667420501670368,1.4309912280027453,-0.4583869766207665,1.268537387225949,0.2028213968689986,0.7752912810174369,-0.362637129660176,0.0961111943782015,-2.150238326622368,-1.1701700991521973,cc3991e62a14ff65,trajectory_003,20260931,6,1,cc3991e62a14ff65:trajectory_003:00001,True,11.399805184713207,251075990525.7324,1558140177887.0615,2.854377443373885,0.6205242885528954,-9.621363284983172e-07,3.297590480981644e-07,7.19182641760363e-07,False,308,218.68121349997816,`gtol` termination condition is satisfied.,3,250 C anneal,250.0,2.82558,0.59693,2.85438018967544,0.6205240839294305,True,True
5.145199206205436e-09,0.3041142405165014,738296170221.242,1.4497985236029153e-14,1.5471636783432322e-13,8.0521899808619e+18,4.773780033865333e+18,1.043329383551485,13.722197012949708,127304688953.7766,1.617159210836529,-0.8191405823257188,-1.3272674998390448,-2.014403938292665,-1.2667420501670368,1.4309912280027453,-0.4583869766207665,1.268537387225949,0.2028213968689986,0.7752912810174369,-0.362637129660176,0.0961111943782015,-2.150238326622368,-1.1701700991521973,cc3991e62a14ff65,trajectory_003,20260931,6,1,cc3991e62a14ff65:trajectory_003:00001,True,11.610426989618064,407781002877.0351,1287132063438.2356,1.8153246770651044,0.5800797947138054,5.530973215236865e-08,-1.950615425376501e-06,1.3798477641007206e-06,False,369,243.17504629981704,`gtol` termination condition is satisfied.,4,300 C anneal,300.0,1.84854,0.5773,1.8153245766599853,0.5800809262275045,True,True
5.145199206205436e-09,0.3041142405165014,738296170221.242,1.4497985236029153e-14,1.5471636783432322e-13,8.0521899808619e+18,4.773780033865333e+18,1.043329383551485,13.722197012949708,127304688953.7766,1.617159210836529,-0.8191405823257188,-1.3272674998390448,-2.014403938292665,-1.2667420501670368,1.4309912280027453,-0.4583869766207665,1.268537387225949,0.2028213968689986,0.7752912810174369,-0.362637129660176,0.0961111943782015,-2.150238326622368,-1.1701700991521973,cc3991e62a14ff65,trajectory_003,20260931,6,1,cc3991e62a14ff65:trajectory_003:00001,True,11.989266730890964,975588631585.5902,574197666178.5701,1.0668121319818884,0.5244967678347882,-2.404096991807916e-07,-3.637926372400896e-07,3.083357799301745e-07,False,460,12593.125137999888,`gtol` termination condition is satisfied.,5,350 C anneal,350.0,1.1879,0.5561,1.066812388453903,0.5244969586428853,True,True
8.189069287401391e-09,0.9171401250538116,2567464618271.8926,3.9039310934931575e-15,8.010441398841435e-14,8.452691897129473e+18,5.112850565958145e+18,0.9253086097206508,11.920621965814474,-60822903192.74658,-0.2229751275367232,1.6055094018357732,1.300013296208897,1.1638725357974686,-0.3769103726636501,0.1005348556844494,0.9793129794009124,-0.2085048894962634,0.560854279037302,0.3626798409913401,1.1687006263691648,-0.0756848203742293,0.4636469407536296,-0.3781213508941585,cc3991e62a14ff65,trajectory_003,20260931,6,2,cc3991e62a14ff65:trajectory_003:00002,True,12.608559639654484,4060314178417.1,-787138351552.4044,1.051856986781058,0.7904431970715011,0.0690794194106406,-0.000285214602155,0.0488469422455514,False,178,1325.580470799934,`ftol` termination condition is satisfied.,0,As-deposited,25.0,0.91987,0.74597,0.981648224370063,0.7906686751667742,True,False
8.189069287401391e-09,0.9171401250538116,2567464618271.8926,3.9039310934931575e-15,8.010441398841435e-14,8.452691897129473e+18,5.112850565958145e+18,0.9253086097206508,11.920621965814474,-60822903192.74658,-0.2229751275367232,1.6055094018357732,1.300013296208897,1.1638725357974686,-0.3769103726636501,0.1005348556844494,0.9793129794009124,-0.2085048894962634,0.560854279037302,0.3626798409913401,1.1687006263691648,-0.0756848203742293,0.4636469407536296,-0.3781213508941585,cc3991e62a14ff65,trajectory_003,20260931,6,2,cc3991e62a14ff65:trajectory_003:00002,True,12.15548055753411,1430475939936.7966,1421758852610.455,1.2626586040526828,0.7029259157391551,1.3168225826040188e-06,1.935827137597944e-06,1.6555132770105723e-06,False,251,450.7204150999896,`gtol` termination condition is satisfied.,1,150 C anneal,150.0,1.286678,0.6994,1.2626569413564137,0.7029245549974087,True,True
8.189069287401391e-09,0.9171401250538116,2567464618271.8926,3.9039310934931575e-15,8.010441398841435e-14,8.452691897129473e+18,5.112850565958145e+18,0.9253086097206508,11.920621965814474,-60822903192.74658,-0.2229751275367232,1.6055094018357732,1.300013296208897,1.1638725357974686,-0.3769103726636501,0.1005348556844494,0.9793129794009124,-0.2085048894962634,0.560854279037302,0.3626798409913401,1.1687006263691648,-0.0756848203742293,0.4636469407536296,-0.3781213508941585,cc3991e62a14ff65,trajectory_003,20260931,6,2,cc3991e62a14ff65:trajectory_003:00002,True,12.036180613180507,1086877537245.712,1853095539231.8027,1.864694708286392,0.6497902518431182,5.976138516447402e-08,-1.3925057288677818e-07,1.0714976716277209e-07,False,329,450.96415210003033,`gtol` termination condition is satisfied.,2,200 C anneal,200.0,1.775588,0.6566,1.8646945968496569,0.6497903423267893,True,True
8.189069287401391e-09,0.9171401250538116,2567464618271.8926,3.9039310934931575e-15,8.010441398841435e-14,8.452691897129473e+18,5.112850565958145e+18,0.9253086097206508,11.920621965814474,-60822903192.74658,-0.2229751275367232,1.6055094018357732,1.300013296208897,1.1638725357974686,-0.3769103726636501,0.1005348556844494,0.9793129794009124,-0.2085048894962634,0.560854279037302,0.3626798409913401,1.1687006263691648,-0.0756848203742293,0.4636469407536296,-0.3781213508941585,cc3991e62a14ff65,trajectory_003,20260931,6,2,cc3991e62a14ff65:trajectory_003:00002,True,11.948506069608245,888190389394.3892,2164913400280.317,2.9059397593338323,0.607853143434151,4.679672442599609e-07,-5.332499551506012e-07,5.016716338245466e-07,False,405,447.9305788001511,`gtol` termination condition is satisfied.,3,250 C anneal,250.0,2.82558,0.59693,2.9059383994495294,0.6078534675718988,True,True
8.189069287401391e-09,0.9171401250538116,2567464618271.8926,3.9039310934931575e-15,8.010441398841435e-14,8.452691897129473e+18,5.112850565958145e+18,0.9253086097206508,11.920621965814474,-60822903192.74658,-0.2229751275367232,1.6055094018357732,1.300013296208897,1.1638725357974686,-0.3769103726636501,0.1005348556844494,0.9793129794009124,-0.2085048894962634,0.560854279037302,0.3626798409913401,1.1687006263691648,-0.0756848203742293,0.4636469407536296,-0.3781213508941585,cc3991e62a14ff65,trajectory_003,20260931,6,2,cc3991e62a14ff65:trajectory_003:00002,True,12.074433332042249,1186952479590.017,2040487322238.7527,1.9597770723694328,0.5751190807776418,-4.414590980205132e-07,-7.046878557814139e-07,5.879928185407079e-07,False,484,481.2620280000847,`gtol` termination condition is satisfied.,4,300 C anneal,300.0,1.84854,0.5773,1.9597779375310431,0.5751194860572165,True,True
8.189069287401391e-09,0.9171401250538116,2567464618271.8926,3.9039310934931575e-15,8.010441398841435e-14,8.452691897129473e+18,5.112850565958145e+18,0.9253086097206508,11.920621965814474,-60822903192.74658,-0.2229751275367232,1.6055094018357732,1.300013296208897,1.1638725357974686,-0.3769103726636501,0.1005348556844494,0.9793129794009124,-0.2085048894962634,0.560854279037302,0.3626798409913401,1.1687006263691648,-0.0756848203742293,0.4636469407536296,-0.3781213508941585,cc3991e62a14ff65,trajectory_003,20260931,6,2,cc3991e62a14ff65:trajectory_003:00002,True,12.27114506384605,1867003206558.9167,1712061208538.5583,1.2157601598940748,0.5456852125700606,1.378099610504501e-07,2.0908213595167694e-07,1.77069089536884e-07,False,561,454.7310693000909,`gtol` termination condition is satisfied.,5,350 C anneal,350.0,1.1879,0.5561,1.215759992350226,0.5456850984770427,True,True
3.034004760001746e-09,0.5848446850065565,1034821283882.6664,4.528706288091496e-15,3.4944884640718884e-14,9.168116017475844e+18,4.620071954060255e+18,0.9788148191404968,14.178523490273657,-215278085280.4781,-1.93627455946213,0.1643645194796312,0.1677418937722618,-0.7074877197183705,0.6468805713249021,-0.5800004686448105,-0.0366711641034795,0.5229029189068938,-0.1699684231809002,-1.683464076704114,0.9445955300159996,-0.7876972126257534,1.820730962877143,0.5466345771915044,cc3991e62a14ff65,trajectory_003,20260931,6,3,cc3991e62a14ff65:trajectory_003:00003,True,12.554205480513795,3582659056379.7065,-2333087906474.559,1.002073809364898,0.7200846342922025,0.0772074905732385,5.775379797211939e-05,0.0545939554168678,False,170,1293.4495091999415,`ftol` termination condition is satisfied.,0,As-deposited,25.0,0.91987,0.74597,0.9276174808034988,0.7200430478706092,True,False
3.034004760001746e-09,0.5848446850065565,1034821283882.6664,4.528706288091496e-15,3.4944884640718884e-14,9.168116017475844e+18,4.620071954060255e+18,0.9788148191404968,14.178523490273657,-215278085280.4781,-1.93627455946213,0.1643645194796312,0.1677418937722618,-0.7074877197183705,0.6468805713249021,-0.5800004686448105,-0.0366711641034795,0.5229029189068938,-0.1699684231809002,-1.683464076704114,0.9445955300159996,-0.7876972126257534,1.820730962877143,0.5466345771915044,cc3991e62a14ff65,trajectory_003,20260931,6,3,cc3991e62a14ff65:trajectory_003:00003,True,11.909053854038714,811061626104.1228,555981685143.7682,1.3289746456510338,0.6794086929587088,-2.984157121527694e-08,4.950015164040114e-08,4.087043176319008e-08,False,240,516.7474349997938,`gtol` termination condition is satisfied.,1,150 C anneal,150.0,1.286678,0.6994,1.328974685309726,0.6794086593278762,True,True
3.034004760001746e-09,0.5848446850065565,1034821283882.6664,4.528706288091496e-15,3.4944884640718884e-14,9.168116017475844e+18,4.620071954060255e+18,0.9788148191404968,14.178523490273657,-215278085280.4781,-1.93627455946213,0.1643645194796312,0.1677418937722618,-0.7074877197183705,0.6468805713249021,-0.5800004686448105,-0.0366711641034795,0.5229029189068938,-0.1699684231809002,-1.683464076704114,0.9445955300159996,-0.7876972126257534,1.820730962877143,0.5466345771915044,cc3991e62a14ff65,trajectory_003,20260931,6,3,cc3991e62a14ff65:trajectory_003:00003,True,11.795074317089654,623841579007.703,830136592431.4211,1.7723333887685684,0.673999721244938,-1.1003386399487709e-06,9.546316206417236e-06,6.794957624425213e-06,False,322,538.4325419000816,`gtol` termination condition is satisfied.,2,200 C anneal,200.0,1.775588,0.6566,1.772335338936552,0.6739932870611873,True,True
3.034004760001746e-09,0.5848446850065565,1034821283882.6664,4.528706288091496e-15,3.4944884640718884e-14,9.168116017475844e+18,4.620071954060255e+18,0.9788148191404968,14.178523490273657,-215278085280.4781,-1.93627455946213,0.1643645194796312,0.1677418937722618,-0.7074877197183705,0.6468805713249021,-0.5800004686448105,-0.0366711641034795,0.5229029189068938,-0.1699684231809002,-1.683464076704114,0.9445955300159996,-0.7876972126257534,1.820730962877143,0.5466345771915044,cc3991e62a14ff65,trajectory_003,20260931,6,3,cc3991e62a14ff65:trajectory_003:00003,True,11.675829981365789,474056364218.6888,1232582083229.3076,2.801661871946981,0.5487398540143684,-2.465290916888928e-06,-2.174800624024067e-06,2.3245878192865205e-06,False,392,492.44578189984895,`gtol` termination condition is satisfied.,3,250 C anneal,250.0,2.82558,0.59693,2.80166877886706,0.548741047415443,True,True
3.034004760001746e-09,0.5848446850065565,1034821283882.6664,4.528706288091496e-15,3.4944884640718884e-14,9.168116017475844e+18,4.620071954060255e+18,0.9788148191404968,14.178523490273657,-215278085280.4781,-1.93627455946213,0.1643645194796312,0.1677418937722618,-0.7074877197183705,0.6468805713249021,-0.5800004686448105,-0.0366711641034795,0.5229029189068938,-0.1699684231809002,-1.683464076704114,0.9445955300159996,-0.7876972126257534,1.820730962877143,0.5466345771915044,cc3991e62a14ff65,trajectory_003,20260931,6,3,cc3991e62a14ff65:trajectory_003:00003,True,11.801300593692773,632849722048.4749,979752386743.218,1.93794100329541,0.5550058397826271,1.561210554424075e-07,1.4343863365962866e-06,1.020254366951342e-06,False,457,416.36991850007325,`gtol` termination condition is satisfied.,4,300 C anneal,300.0,1.84854,0.5773,1.9379407007420388,0.5550050436904047,True,True
3.034004760001746e-09,0.5848446850065565,1034821283882.6664,4.528706288091496e-15,3.4944884640718884e-14,9.168116017475844e+18,4.620071954060255e+18,0.9788148191404968,14.178523490273657,-215278085280.4781,-1.93627455946213,0.1643645194796312,0.1677418937722618,-0.7074877197183705,0.6468805713249021,-0.5800004686448105,-0.0366711641034795,0.5229029189068938,-0.1699684231809002,-1.683464076704114,0.9445955300159996,-0.7876972126257534,1.820730962877143,0.5466345771915044,cc3991e62a14ff65,trajectory_003,20260931,6,3,cc3991e62a14ff65:trajectory_003:00003,True,11.950135624598287,891529307837.7225,608104126312.6306,1.301117546476194,0.5715088249627432,-4.4142602326277646e-08,6.181713039123238e-08,5.371185600006073e-08,False,545,598.5616443997715,`gtol` termination condition is satisfied.,5,350 C anneal,350.0,1.1879,0.5561,1.3011176039109096,0.5715087896337088,True,True
6.916954128870092e-09,0.6741284041925,469279758031.61615,1.2265189093370491e-14,6.567260017949934e-14,8.994463216338535e+18,5.554420363845314e+18,1.009499483006854,13.232143470492655,198435827209.0388,0.3859282752469852,-1.54969840937755,-0.1505215568081052,-0.1542906633746412,-0.5269693168795937,-1.2467024848530084,0.0477729495225215,-1.1439183309217846,1.5405825746728714,-0.4476243286331148,0.3905706147985723,-1.6508358700643808,-0.3357744178411819,-0.4633694737409311,cc3991e62a14ff65,trajectory_003,20260931,6,4,cc3991e62a14ff65:trajectory_003:00004,True,11.89120481199127,778403557305.436,26237923915.370544,0.9129729704443272,0.7402373340709746,-2.922571078308416e-09,4.7463395323514935e-09,3.941393196835822e-09,False,100,976.3877053000032,`gtol` termination condition is satisfied.,0,As-deposited,25.0,0.91987,0.74597,0.9129729731125557,0.7402373305575569,True,True
6.916954128870092e-09,0.6741284041925,469279758031.61615,1.2265189093370491e-14,6.567260017949934e-14,8.994463216338535e+18,5.554420363845314e+18,1.009499483006854,13.232143470492655,198435827209.0388,0.3859282752469852,-1.54969840937755,-0.1505215568081052,-0.1542906633746412,-0.5269693168795937,-1.2467024848530084,0.0477729495225215,-1.1439183309217846,1.5405825746728714,-0.4476243286331148,0.3905706147985723,-1.6508358700643808,-0.3357744178411819,-0.4633694737409311,cc3991e62a14ff65,trajectory_003,20260931,6,4,cc3991e62a14ff65:trajectory_003:00004,True,11.700510567839718,501776788798.4798,662502392204.5519,1.253217004644022,0.6571347911833961,-1.3882335386015984e-06,1.4586737819349717e-06,1.423889314483887e-06,False,169,438.5602616998367,`gtol` termination condition is satisfied.,1,150 C anneal,150.0,1.286678,0.6994,1.2532187444031069,0.6571338326388041,True,True
6.916954128870092e-09,0.6741284041925,469279758031.61615,1.2265189093370491e-14,6.567260017949934e-14,8.994463216338535e+18,5.554420363845314e+18,1.009499483006854,13.232143470492655,198435827209.0388,0.3859282752469852,-1.54969840937755,-0.1505215568081052,-0.1542906633746412,-0.5269693168795937,-1.2467024848530084,0.0477729495225215,-1.1439183309217846,1.5405825746728714,-0.4476243286331148,0.3905706147985723,-1.6508358700643808,-0.3357744178411819,-0.4633694737409311,cc3991e62a14ff65,trajectory_003,20260931,6,4,cc3991e62a14ff65:trajectory_003:00004,True,11.583018074513731,382840676089.0673,975428429076.634,1.779834611483315,0.6200984423950233,1.6193798301178405e-07,-8.45029677999121e-07,6.083991564101741e-07,False,230,298.9929134999402,`gtol` termination condition is satisfied.,2,200 C anneal,200.0,1.775588,0.6566,1.7798343232605112,0.6200989663968318,True,True
6.916954128870092e-09,0.6741284041925,469279758031.61615,1.2265189093370491e-14,6.567260017949934e-14,8.994463216338535e+18,5.554420363845314e+18,1.009499483006854,13.232143470492655,198435827209.0388,0.3859282752469852,-1.54969840937755,-0.1505215568081052,-0.1542906633746412,-0.5269693168795937,-1.2467024848530084,0.0477729495225215,-1.1439183309217846,1.5405825746728714,-0.4476243286331148,0.3905706147985723,-1.6508358700643808,-0.3357744178411819,-0.4633694737409311,cc3991e62a14ff65,trajectory_003,20260931,6,4,cc3991e62a14ff65:trajectory_003:00004,True,11.402119241303192,252417372268.0684,1363916234956.9604,3.0517804950543783,0.5837167531405588,-1.7592830556304407e-05,-2.7837285933045147e-06,1.2594777327607249e-05,False,289,211.22061110008508,`gtol` termination condition is satisfied.,3,250 C anneal,250.0,2.82558,0.59693,3.0518341849838,0.5837183780518366,True,True
6.916954128870092e-09,0.6741284041925,469279758031.61615,1.2265189093370491e-14,6.567260017949934e-14,8.994463216338535e+18,5.554420363845314e+18,1.009499483006854,13.232143470492655,198435827209.0388,0.3859282752469852,-1.54969840937755,-0.1505215568081052,-0.1542906633746412,-0.5269693168795937,-1.2467024848530084,0.0477729495225215,-1.1439183309217846,1.5405825746728714,-0.4476243286331148,0.3905706147985723,-1.6508358700643808,-0.3357744178411819,-0.4633694737409311,cc3991e62a14ff65,trajectory_003,20260931,6,4,cc3991e62a14ff65:trajectory_003:00004,True,11.601440316961956,399429665805.2076,1087384700776.9856,1.8849942061650649,0.5315621789205475,7.817551811191683e-08,-9.000321082661234e-08,8.429706279333302e-08,False,350,258.01987530011684,`gtol` termination condition is satisfied.,4,300 C anneal,300.0,1.84854,0.5773,1.884994058804672,0.5315622267628525,True,True
6.916954128870092e-09,0.6741284041925,469279758031.61615,1.2265189093370491e-14,6.567260017949934e-14,8.994463216338535e+18,5.554420363845314e+18,1.009499483006854,13.232143470492655,198435827209.0388,0.3859282752469852,-1.54969840937755,-0.1505215568081052,-0.1542906633746412,-0.5269693168795937,-1.2467024848530084,0.0477729495225215,-1.1439183309217846,1.5405825746728714,-0.4476243286331148,0.3905706147985723,-1.6508358700643808,-0.3357744178411819,-0.4633694737409311,cc3991e62a14ff65,trajectory_003,20260931,6,4,cc3991e62a14ff65:trajectory_003:00004,True,11.777105945762049,598557594857.2639,681647282871.1389,1.16812109598378,0.5433646519565009,-1.764321157052599e-06,9.846027428947366e-07,1.4286832585530043e-06,False,410,309.094645800069,`gtol` termination condition is satisfied.,5,350 C anneal,350.0,1.1879,0.5561,1.1681231569263617,0.5433641169584376,True,True
2.289915721637706e-09,0.0729302102125757,1564502985966.2854,1.9651868064516653e-14,5.066934582288996e-13,7.700593501781507e+18,5.295968889041854e+18,1.0936649453845588,12.443388027207448,-468324953978.9213,-0.4481410120505483,-0.0594076396491557,-0.9656606424361116,0.131267433747554,0.2822025518453668,0.5418024945683256,0.9415753665981432,0.4032217261603443,-0.6970781793016069,-0.2454352786761041,-0.5897549015528574,0.5634813700779318,0.1041033874139893,1.037101207396507,cc3991e62a14ff65,trajectory_003,20260931,6,5,cc3991e62a14ff65:trajectory_003:00005,True,12.450175216719032,2819520241227.931,-1124161380537.4197,1.0529846039583766,0.7508852457121751,0.1834345673158819,4.081502294579325e-06,0.1297078264851884,False,91,547.0004513000604,`gtol` termination condition is satisfied.,0,As-deposited,25.0,0.91987,0.74597,0.8765110608229255,0.7508821809785762,True,False
2.289915721637706e-09,0.0729302102125757,1564502985966.2854,1.9651868064516653e-14,5.066934582288996e-13,7.700593501781507e+18,5.295968889041854e+18,1.0936649453845588,12.443388027207448,-468324953978.9213,-0.4481410120505483,-0.0594076396491557,-0.9656606424361116,0.131267433747554,0.2822025518453668,0.5418024945683256,0.9415753665981432,0.4032217261603443,-0.6970781793016069,-0.2454352786761041,-0.5897549015528574,0.5634813700779318,0.1041033874139893,1.037101207396507,cc3991e62a14ff65,trajectory_003,20260931,6,5,cc3991e62a14ff65:trajectory_003:00005,True,11.721215873795868,526278797621.8207,1405102202701.3877,1.3049605788507914,0.7186046443989753,-9.981110395518256e-07,-1.611577846690394e-06,1.3404120268071442e-06,False,149,286.1111199001316,`gtol` termination condition is satisfied.,1,150 C anneal,150.0,1.286678,0.6994,1.3049618813470014,0.7186058024872339,True,True
2.289915721637706e-09,0.0729302102125757,1564502985966.2854,1.9651868064516653e-14,5.066934582288996e-13,7.700593501781507e+18,5.295968889041854e+18,1.0936649453845588,12.443388027207448,-468324953978.9213,-0.4481410120505483,-0.0594076396491557,-0.9656606424361116,0.131267433747554,0.2822025518453668,0.5418024945683256,0.9415753665981432,0.4032217261603443,-0.6970781793016069,-0.2454352786761041,-0.5897549015528574,0.5634813700779318,0.1041033874139893,1.037101207396507,cc3991e62a14ff65,trajectory_003,20260931,6,5,cc3991e62a14ff65:trajectory_003:00005,True,11.540692873051784,347290475641.7685,1808361487631.504,1.8611791418176773,0.6699709623453882,-1.6992665608414505e-07,-1.7197126959124063e-06,1.2219424751047525e-06,False,200,224.74376179999672,`gtol` termination condition is satisfied.,2,200 C anneal,200.0,1.775588,0.6566,1.8611794580816523,0.6699721145039488,True,True
2.289915721637706e-09,0.0729302102125757,1564502985966.2854,1.9651868064516653e-14,5.066934582288996e-13,7.700593501781507e+18,5.295968889041854e+18,1.0936649453845588,12.443388027207448,-468324953978.9213,-0.4481410120505483,-0.0594076396491557,-0.9656606424361116,0.131267433747554,0.2822025518453668,0.5418024945683256,0.9415753665981432,0.4032217261603443,-0.6970781793016069,-0.2454352786761041,-0.5897549015528574,0.5634813700779318,0.1041033874139893,1.037101207396507,cc3991e62a14ff65,trajectory_003,20260931,6,5,cc3991e62a14ff65:trajectory_003:00005,True,11.411348098521488,257838697438.91016,2178385918573.206,2.72879675498506,0.5896488551802468,1.0186540394320214e-06,-8.906429316786277e-07,9.567917442683843e-07,False,261,308.5056594000198,`gtol` termination condition is satisfied.,3,250 C anneal,250.0,2.82558,0.59693,2.7287939752866386,0.5896493803470657,True,True
2.289915721637706e-09,0.0729302102125757,1564502985966.2854,1.9651868064516653e-14,5.066934582288996e-13,7.700593501781507e+18,5.295968889041854e+18,1.0936649453845588,12.443388027207448,-468324953978.9213,-0.4481410120505483,-0.0594076396491557,-0.9656606424361116,0.131267433747554,0.2822025518453668,0.5418024945683256,0.9415753665981432,0.4032217261603443,-0.6970781793016069,-0.2454352786761041,-0.5897549015528574,0.5634813700779318,0.1041033874139893,1.037101207396507,cc3991e62a14ff65,trajectory_003,20260931,6,5,cc3991e62a14ff65:trajectory_003:00005,True,11.612487664529324,409720472164.7616,1883975024265.219,1.794826532312438,0.5937956068302755,-1.5359576506498872e-08,-9.666681641124313e-07,6.836238937087255e-07,False,315,266.9432242999319,`gtol` termination condition is satisfied.,4,300 C anneal,300.0,1.84854,0.5773,1.7948265598802136,0.5937961808338621,True,True
2.289915721637706e-09,0.0729302102125757,1564502985966.2854,1.9651868064516653e-14,5.066934582288996e-13,7.700593501781507e+18,5.295968889041854e+18,1.0936649453845588,12.443388027207448,-468324953978.9213,-0.4481410120505483,-0.0594076396491557,-0.9656606424361116,0.131267433747554,0.2822025518453668,0.5418024945683256,0.9415753665981432,0.4032217261603443,-0.6970781793016069,-0.2454352786761041,-0.5897549015528574,0.5634813700779318,0.1041033874139893,1.037101207396507,cc3991e62a14ff65,trajectory_003,20260931,6,5,cc3991e62a14ff65:trajectory_003:00005,True,11.880873121470072,760104181118.0591,1421240859336.7654,1.194099753543092,0.5856976955571576,3.4547758969981225e-07,5.840140799790963e-07,4.798057995682326e-07,False,385,354.86769580002874,`gtol` termination condition is satisfied.,5,350 C anneal,350.0,1.1879,0.5561,1.1940993410084586,0.5856973535015566,True,True
2.2022318165316234e-09,0.187035324929062,2947013970519.06,1.222319134370477e-14,2.331033991650452e-13,8.912553932028636e+18,4.736464877498708e+18,1.0208667557942643,13.922360888945803,-478968567012.8195,1.5011764955341511,0.2329077402394008,-0.066504288642372,-0.2948757858371005,1.3515812017513993,0.4611361119385051,0.8685221653055101,0.4316887159363223,0.2636345892121346,1.409047653118034,0.2666137452746013,-1.5563883991110168,-0.918863579254819,-0.6772874067174991,cc3991e62a14ff65,trajectory_004,20261001,6,0,cc3991e62a14ff65:trajectory_004:00000,True,13.012975960127172,10303290861785.172,827815803243.4738,1.0535966090731246,0.7445549760983613,0.1390577907255651,0.0128450967514007,0.098747318120615,False,56,267.98588369996287,`gtol` termination condition is satisfied.,0,As-deposited,25.0,0.91987,0.74597,0.9168163148929503,0.735052257721373,True,False
2.2022318165316234e-09,0.187035324929062,2947013970519.06,1.222319134370477e-14,2.331033991650452e-13,8.912553932028636e+18,4.736464877498708e+18,1.0208667557942643,13.922360888945803,-478968567012.8195,1.5011764955341511,0.2329077402394008,-0.066504288642372,-0.2948757858371005,1.3515812017513993,0.4611361119385051,0.8685221653055101,0.4316887159363223,0.2636345892121346,1.409047653118034,0.2666137452746013,-1.5563883991110168,-0.918863579254819,-0.6772874067174991,cc3991e62a14ff65,trajectory_004,20261001,6,0,cc3991e62a14ff65:trajectory_004:00000,True,12.428824182959616,2684257547762.0703,3527027099562.9336,1.3762680866018069,0.7445724598393256,-0.000267212234164,0.0395305440112417,0.0279529543358372,False,205,607.4901825999841,`ftol` termination condition is satisfied.,1,150 C anneal,150.0,1.286678,0.6994,1.37663589141082,0.7157132731242939,True,False
2.2022318165316234e-09,0.187035324929062,2947013970519.06,1.222319134370477e-14,2.331033991650452e-13,8.912553932028636e+18,4.736464877498708e+18,1.0208667557942643,13.922360888945803,-478968567012.8195,1.5011764955341511,0.2329077402394008,-0.066504288642372,-0.2948757858371005,1.3515812017513993,0.4611361119385051,0.8685221653055101,0.4316887159363223,0.2636345892121346,1.409047653118034,0.2666137452746013,-1.5563883991110168,-0.918863579254819,-0.6772874067174991,cc3991e62a14ff65,trajectory_004,20261001,6,0,cc3991e62a14ff65:trajectory_004:00000,True,12.35103420106575,2244058638381.4565,3760224478280.7065,1.8534986500003816,0.7445728341938086,-0.000482728684466,0.1041512361507804,0.0736468363839155,False,307,539.2736574998125,`ftol` termination condition is satisfied.,2,200 C anneal,200.0,1.775588,0.6566,1.8543936029577088,0.6709263979489554,True,False
2.2022318165316234e-09,0.187035324929062,2947013970519.06,1.222319134370477e-14,2.331033991650452e-13,8.912553932028636e+18,4.736464877498708e+18,1.0208667557942643,13.922360888945803,-478968567012.8195,1.5011764955341511,0.2329077402394008,-0.066504288642372,-0.2948757858371005,1.3515812017513993,0.4611361119385051,0.8685221653055101,0.4316887159363223,0.2636345892121346,1.409047653118034,0.2666137452746013,-1.5563883991110168,-0.918863579254819,-0.6772874067174991,cc3991e62a14ff65,trajectory_004,20261001,6,0,cc3991e62a14ff65:trajectory_004:00000,True,12.260025081701396,1819805954376.6648,4086035260141.603,2.8662740072107256,0.7445710882561873,0.0011175482603442,0.1505560958848873,0.1064621691546194,False,397,475.09968090010807,`ftol` termination condition is satisfied.,3,250 C anneal,250.0,2.82558,0.59693,2.8630725968787614,0.6405019951002268,True,False
2.2022318165316234e-09,0.187035324929062,2947013970519.06,1.222319134370477e-14,2.331033991650452e-13,8.912553932028636e+18,4.736464877498708e+18,1.0208667557942643,13.922360888945803,-478968567012.8195,1.5011764955341511,0.2329077402394008,-0.066504288642372,-0.2948757858371005,1.3515812017513993,0.4611361119385051,0.8685221653055101,0.4316887159363223,0.2636345892121346,1.409047653118034,0.2666137452746013,-1.5563883991110168,-0.918863579254819,-0.6772874067174991,cc3991e62a14ff65,trajectory_004,20261001,6,0,cc3991e62a14ff65:trajectory_004:00000,True,12.314540749724538,2063197247424.6,3608631767190.8975,1.8719620724078343,0.7445925278221108,-0.0007397082067944,0.3322944841199443,0.2349682652452998,False,479,435.9723350000568,`ftol` termination condition is satisfied.,4,300 C anneal,300.0,1.84854,0.5773,1.873347290380992,0.5340783986371527,True,False
2.2022318165316234e-09,0.187035324929062,2947013970519.06,1.222319134370477e-14,2.331033991650452e-13,8.912553932028636e+18,4.736464877498708e+18,1.0208667557942643,13.922360888945803,-478968567012.8195,1.5011764955341511,0.2329077402394008,-0.066504288642372,-0.2948757858371005,1.3515812017513993,0.4611361119385051,0.8685221653055101,0.4316887159363223,0.2636345892121346,1.409047653118034,0.2666137452746013,-1.5563883991110168,-0.918863579254819,-0.6772874067174991,cc3991e62a14ff65,trajectory_004,20261001,6,0,cc3991e62a14ff65:trajectory_004:00000,True,12.798793702043152,6292072267219.133,5530682614389.959,1.1345771115372476,0.7445470019848603,1.612920027286273e-05,0.3256922185568857,0.2302991766036705,True,538,317.2893551001325,`gtol` termination condition is satisfied.,5,350 C anneal,350.0,1.1879,0.5561,1.1345588118633705,0.5375833210298798,False,False
5.499898879866483e-09,0.6252751240339207,1472865257575.624,8.345597709109776e-15,8.740986771148839e-14,7.667774600416389e+18,5.535999077590573e+18,0.9356486137828248,12.353393115195743,120420830206.95898,0.4436402944778414,-0.7924680713827781,1.111176431006179,1.068314983618892,-0.4666106608165005,-0.162445977566452,-1.0974984466835096,-1.1328028989117067,-0.4581859217469954,0.656719590696365,0.4376083487752794,-0.2250343046947334,2.1345869198680467,0.991891809962756,cc3991e62a14ff65,trajectory_004,20261001,6,1,cc3991e62a14ff65:trajectory_004:00001,True,12.555071126085888,3589807214912.505,-1414434955276.4175,1.0371337216759782,0.786186593192891,0.0644249731621677,-0.0009069739239073,0.045559849476511,False,167,1009.0134807999711,`ftol` termination condition is satisfied.,0,As-deposited,25.0,0.91987,0.74597,0.9724232744967248,0.7868999673892376,True,False
5.499898879866483e-09,0.6252751240339207,1472865257575.624,8.345597709109776e-15,8.740986771148839e-14,7.667774600416389e+18,5.535999077590573e+18,0.9356486137828248,12.353393115195743,120420830206.95898,0.4436402944778414,-0.7924680713827781,1.111176431006179,1.068314983618892,-0.4666106608165005,-0.162445977566452,-1.0974984466835096,-1.1328028989117067,-0.4581859217469954,0.656719590696365,0.4376083487752794,-0.2250343046947334,2.1345869198680467,0.991891809962756,cc3991e62a14ff65,trajectory_004,20261001,6,1,cc3991e62a14ff65:trajectory_004:00001,True,12.024918128323858,1059054057192.2686,1082467162508.5028,1.2570071947607184,0.6937426040383021,4.83328105974809e-07,4.784071735703466e-07,4.808739344925882e-07,False,243,391.6229084001389,`gtol` termination condition is satisfied.,1,150 C anneal,150.0,1.286678,0.6994,1.2570065872139586,0.6937422721469432,True,True
5.499898879866483e-09,0.6252751240339207,1472865257575.624,8.345597709109776e-15,8.740986771148839e-14,7.667774600416389e+18,5.535999077590573e+18,0.9356486137828248,12.353393115195743,120420830206.95898,0.4436402944778414,-0.7924680713827781,1.111176431006179,1.068314983618892,-0.4666106608165005,-0.162445977566452,-1.0974984466835096,-1.1328028989117067,-0.4581859217469954,0.656719590696365,0.4376083487752794,-0.2250343046947334,2.1345869198680467,0.991891809962756,cc3991e62a14ff65,trajectory_004,20261001,6,1,cc3991e62a14ff65:trajectory_004:00001,True,11.929187932223906,849548020368.1965,1465271756779.2148,1.6807777199590552,0.6204436073126774,-9.849797685182496e-08,-1.4226215462833532e-07,1.2235271162381125e-07,False,313,345.404167199973,`gtol` termination condition is satisfied.,2,200 C anneal,200.0,1.775588,0.6566,1.6807778855122684,0.6204436955783281,True,True
5.499898879866483e-09,0.6252751240339207,1472865257575.624,8.345597709109776e-15,8.740986771148839e-14,7.667774600416389e+18,5.535999077590573e+18,0.9356486137828248,12.353393115195743,120420830206.95898,0.4436402944778414,-0.7924680713827781,1.111176431006179,1.068314983618892,-0.4666106608165005,-0.162445977566452,-1.0974984466835096,-1.1328028989117067,-0.4581859217469954,0.656719590696365,0.4376083487752794,-0.2250343046947334,2.1345869198680467,0.991891809962756,cc3991e62a14ff65,trajectory_004,20261001,6,1,cc3991e62a14ff65:trajectory_004:00001,True,11.776228234368425,597349128432.7444,1785444959027.9226,2.761583528979924,0.6168561454207708,-9.958655318879792e-08,1.1931759065090985e-08,7.092195869550087e-08,False,384,415.47502320003696,`gtol` termination condition is satisfied.,3,250 C anneal,250.0,2.82558,0.59693,2.761583803996523,0.6168561380605919,True,True
5.499898879866483e-09,0.6252751240339207,1472865257575.624,8.345597709109776e-15,8.740986771148839e-14,7.667774600416389e+18,5.535999077590573e+18,0.9356486137828248,12.353393115195743,120420830206.95898,0.4436402944778414,-0.7924680713827781,1.111176431006179,1.068314983618892,-0.4666106608165005,-0.162445977566452,-1.0974984466835096,-1.1328028989117067,-0.4581859217469954,0.656719590696365,0.4376083487752794,-0.2250343046947334,2.1345869198680467,0.991891809962756,cc3991e62a14ff65,trajectory_004,20261001,6,1,cc3991e62a14ff65:trajectory_004:00001,True,11.915958896591548,824060118897.4729,1612489846819.8396,1.8894325070850635,0.5708381549699423,-3.258338485483047e-08,-4.618736880837987e-06,3.266021436808217e-06,False,454,1605.4763503998984,`gtol` termination condition is satisfied.,4,300 C anneal,300.0,1.84854,0.5773,1.889432568649171,0.5708407915272704,True,True
5.499898879866483e-09,0.6252751240339207,1472865257575.624,8.345597709109776e-15,8.740986771148839e-14,7.667774600416389e+18,5.535999077590573e+18,0.9356486137828248,12.353393115195743,120420830206.95898,0.4436402944778414,-0.7924680713827781,1.111176431006179,1.068314983618892,-0.4666106608165005,-0.162445977566452,-1.0974984466835096,-1.1328028989117067,-0.4581859217469954,0.656719590696365,0.4376083487752794,-0.2250343046947334,2.1345869198680467,0.991891809962756,cc3991e62a14ff65,trajectory_004,20261001,6,1,cc3991e62a14ff65:trajectory_004:00001,True,12.04106679083926,1099174870286.3252,1278977340199.2036,1.3216972282265738,0.5843750971234369,3.013451587189364e-07,3.415518153438573e-07,3.220765027505308e-07,False,540,297.15262069995515,`gtol` termination condition is satisfied.,5,350 C anneal,350.0,1.1879,0.5561,1.3216968299395728,0.5843748975290958,True,True
8.488041853490943e-09,0.4502746695711712,339936834438.6453,4.1210766437088e-14,1.6625507145023306e-13,8.202383943814087e+18,5.208746212035453e+18,1.0869390967196877,13.596657399705553,-330831787152.73987,0.171616356544197,1.0529942591522454,-0.8091163637828437,0.6940303628655542,0.332197183626177,0.0877109555763752,-0.68958850012848,-0.0844382059999013,-1.1905946709648618,-2.440215870452742,-1.27937656664832,-0.7108971179283645,-0.1739029026386504,-0.1843598070869141,cc3991e62a14ff65,trajectory_004,20261001,6,2,cc3991e62a14ff65:trajectory_004:00002,True,12.262271050544502,1829241520578.2092,-2589740294014.8154,0.9930030925129726,0.7724559863022272,0.11695724083177,0.0001881284269758,0.0827013650893553,False,121,544.5606060000136,`ftol` termination condition is satisfied.,0,As-deposited,25.0,0.91987,0.74597,0.8833986204476755,0.7723106790412579,True,False
8.488041853490943e-09,0.4502746695711712,339936834438.6453,4.1210766437088e-14,1.6625507145023306e-13,8.202383943814087e+18,5.208746212035453e+18,1.0869390967196877,13.596657399705553,-330831787152.73987,0.171616356544197,1.0529942591522454,-0.8091163637828437,0.6940303628655542,0.332197183626177,0.0877109555763752,-0.68958850012848,-0.0844382059999013,-1.1905946709648618,-2.440215870452742,-1.27937656664832,-0.7108971179283645,-0.1739029026386504,-0.1843598070869141,cc3991e62a14ff65,trajectory_004,20261001,6,2,cc3991e62a14ff65:trajectory_004:00002,True,11.43004165212797,269179295486.58377,423424303539.5587,1.3082236197938937,0.7024749738549484,-3.3606736487191534e-06,1.403759475045968e-06,2.575331826869757e-06,False,183,272.9340810000431,`gtol` termination condition is satisfied.,1,150 C anneal,150.0,1.286678,0.6994,1.308228016313927,0.70247398774974,True,True
8.488041853490943e-09,0.4502746695711712,339936834438.6453,4.1210766437088e-14,1.6625507145023306e-13,8.202383943814087e+18,5.208746212035453e+18,1.0869390967196877,13.596657399705553,-330831787152.73987,0.171616356544197,1.0529942591522454,-0.8091163637828437,0.6940303628655542,0.332197183626177,0.0877109555763752,-0.68958850012848,-0.0844382059999013,-1.1905946709648618,-2.440215870452742,-1.27937656664832,-0.7108971179283645,-0.1739029026386504,-0.1843598070869141,cc3991e62a14ff65,trajectory_004,20261001,6,2,cc3991e62a14ff65:trajectory_004:00002,True,11.311373046807542,204820323058.74115,741153199095.0083,1.7154091579174209,0.6538337588165515,-5.82461282527377e-07,3.296558815988372e-08,4.125214392284139e-07,False,251,291.6839622000698,`gtol` termination condition is satisfied.,2,200 C anneal,200.0,1.775588,0.6566,1.71541015707713,0.6538337372625375,True,True
8.488041853490943e-09,0.4502746695711712,339936834438.6453,4.1210766437088e-14,1.6625507145023306e-13,8.202383943814087e+18,5.208746212035453e+18,1.0869390967196877,13.596657399705553,-330831787152.73987,0.171616356544197,1.0529942591522454,-0.8091163637828437,0.6940303628655542,0.332197183626177,0.0877109555763752,-0.68958850012848,-0.0844382059999013,-1.1905946709648618,-2.440215870452742,-1.27937656664832,-0.7108971179283645,-0.1739029026386504,-0.1843598070869141,cc3991e62a14ff65,trajectory_004,20261001,6,2,cc3991e62a14ff65:trajectory_004:00002,True,11.192874404373304,155910155384.61447,1163011069175.4438,2.662282829595528,0.5283658919615304,4.164821511977989e-08,-3.9155680465171774e-08,4.042116484809719e-08,False,310,229.19246979989111,`gtol` termination condition is satisfied.,3,250 C anneal,250.0,2.82558,0.59693,2.662282718716202,0.5283659126500568,True,True
8.488041853490943e-09,0.4502746695711712,339936834438.6453,4.1210766437088e-14,1.6625507145023306e-13,8.202383943814087e+18,5.208746212035453e+18,1.0869390967196877,13.596657399705553,-330831787152.73987,0.171616356544197,1.0529942591522454,-0.8091163637828437,0.6940303628655542,0.332197183626177,0.0877109555763752,-0.68958850012848,-0.0844382059999013,-1.1905946709648618,-2.440215870452742,-1.27937656664832,-0.7108971179283645,-0.1739029026386504,-0.1843598070869141,cc3991e62a14ff65,trajectory_004,20261001,6,2,cc3991e62a14ff65:trajectory_004:00002,True,11.354892469327789,226408365441.89783,828613293595.5872,1.7339934973114304,0.5571403054329994,-1.817523322701905e-07,-1.031105857231359e-07,1.477594382329296e-07,False,378,277.184810699895,`gtol` termination condition is satisfied.,4,300 C anneal,300.0,1.84854,0.5773,1.7339938124688212,0.5571403628800656,True,True
8.488041853490943e-09,0.4502746695711712,339936834438.6453,4.1210766437088e-14,1.6625507145023306e-13,8.202383943814087e+18,5.208746212035453e+18,1.0869390967196877,13.596657399705553,-330831787152.73987,0.171616356544197,1.0529942591522454,-0.8091163637828437,0.6940303628655542,0.332197183626177,0.0877109555763752,-0.68958850012848,-0.0844382059999013,-1.1905946709648618,-2.440215870452742,-1.27937656664832,-0.7108971179283645,-0.1739029026386504,-0.1843598070869141,cc3991e62a14ff65,trajectory_004,20261001,6,2,cc3991e62a14ff65:trajectory_004:00002,True,11.580116683620632,380291557036.6461,376325996330.1815,1.1776135039465137,0.5509973635402167,-1.9609088145539123e-06,-1.195611963187751e-07,1.3891469070369065e-06,False,452,320.6713994999882,`gtol` termination condition is satisfied.,5,350 C anneal,350.0,1.1879,0.5561,1.1776158131414778,0.5509974294181246,True,True
3.348324866766067e-09,0.5189999206004803,1040927693462.4944,3.815627771883768e-15,1.0345129053463144e-13,9.207560386650828e+18,5.011307972905623e+18,0.9988150071433506,13.130451515211371,338319292279.876,-0.6294727389022402,0.7816888512023178,0.021899227780919,-0.6933993411779583,-0.0426819654013917,-1.2302883961151585,1.21086235355405,0.4015051624413142,1.3370409853859977,-0.064376423376776,-0.8421646818915163,1.6070384682503314,-1.587034120313033,0.0573029026498171,cc3991e62a14ff65,trajectory_004,20261001,6,3,cc3991e62a14ff65:trajectory_004:00003,True,12.535943428181524,3435131984663.252,-1558658906846.5642,1.005242942042433,0.7208327981634903,0.0876572075560206,0.0003917898464694,0.0619836249980714,False,135,653.6972292999271,`ftol` termination condition is satisfied.,0,As-deposited,25.0,0.91987,0.74597,0.9208777737689362,0.7205504385086025,True,False
3.348324866766067e-09,0.5189999206004803,1040927693462.4944,3.815627771883768e-15,1.0345129053463144e-13,9.207560386650828e+18,5.011307972905623e+18,0.9988150071433506,13.130451515211371,338319292279.876,-0.6294727389022402,0.7816888512023178,0.021899227780919,-0.6933993411779583,-0.0426819654013917,-1.2302883961151585,1.21086235355405,0.4015051624413142,1.3370409853859977,-0.064376423376776,-0.8421646818915163,1.6070384682503314,-1.587034120313033,0.0573029026498171,cc3991e62a14ff65,trajectory_004,20261001,6,3,cc3991e62a14ff65:trajectory_004:00003,True,11.907737713082636,808607402988.4476,1060654596918.1832,1.283934465794225,0.6576737106533479,-4.399257635515156e-07,5.230463844170438e-07,4.832764207408251e-07,False,197,243.06003240006976,`gtol` termination condition is satisfied.,1,150 C anneal,150.0,1.286678,0.6994,1.2839350306301995,0.6576733666595814,True,True
3.348324866766067e-09,0.5189999206004803,1040927693462.4944,3.815627771883768e-15,1.0345129053463144e-13,9.207560386650828e+18,5.011307972905623e+18,0.9988150071433506,13.130451515211371,338319292279.876,-0.6294727389022402,0.7816888512023178,0.021899227780919,-0.6933993411779583,-0.0426819654013917,-1.2302883961151585,1.21086235355405,0.4015051624413142,1.3370409853859977,-0.064376423376776,-0.8421646818915163,1.6070384682503314,-1.587034120313033,0.0573029026498171,cc3991e62a14ff65,trajectory_004,20261001,6,3,cc3991e62a14ff65:trajectory_004:00003,True,11.733905693816556,541883208763.3056,1406527190080.8716,1.8864091352963737,0.6699137922685895,3.401498892468763e-07,-1.227338853109498e-06,9.005727642747142e-07,False,262,239.5412837001495,`gtol` termination condition is satisfied.,2,200 C anneal,200.0,1.775588,0.6566,1.886408493634624,0.6699146144803195,True,True
3.348324866766067e-09,0.5189999206004803,1040927693462.4944,3.815627771883768e-15,1.0345129053463144e-13,9.207560386650828e+18,5.011307972905623e+18,0.9988150071433506,13.130451515211371,338319292279.876,-0.6294727389022402,0.7816888512023178,0.021899227780919,-0.6933993411779583,-0.0426819654013917,-1.2302883961151585,1.21086235355405,0.4015051624413142,1.3370409853859977,-0.064376423376776,-0.8421646818915163,1.6070384682503314,-1.587034120313033,0.0573029026498171,cc3991e62a14ff65,trajectory_004,20261001,6,3,cc3991e62a14ff65:trajectory_004:00003,True,11.570540581376688,371997979800.3597,1768575873336.212,3.0209011437215443,0.5950105037910869,-1.0523691530681408e-05,-1.9735975696935608e-06,7.57110199376669e-06,False,324,258.39534919988364,`gtol` termination condition is satisfied.,3,250 C anneal,250.0,2.82558,0.59693,3.0209329349206056,0.59501167810353,True,True
3.348324866766067e-09,0.5189999206004803,1040927693462.4944,3.815627771883768e-15,1.0345129053463144e-13,9.207560386650828e+18,5.011307972905623e+18,0.9988150071433506,13.130451515211371,338319292279.876,-0.6294727389022402,0.7816888512023178,0.021899227780919,-0.6933993411779583,-0.0426819654013917,-1.2302883961151585,1.21086235355405,0.4015051624413142,1.3370409853859977,-0.064376423376776,-0.8421646818915163,1.6070384682503314,-1.587034120313033,0.0573029026498171,cc3991e62a14ff65,trajectory_004,20261001,6,3,cc3991e62a14ff65:trajectory_004:00003,True,11.7710428710121,590259344247.4979,1389891253172.909,1.7723175641928366,0.6256016720554586,1.4419198172845652e-07,-1.2352895514513993e-07,1.3425857580435882e-07,False,392,210.64483539992943,`gtol` termination condition is satisfied.,4,300 C anneal,300.0,1.84854,0.5773,1.7723173086388733,0.6256017493353843,True,True
3.348324866766067e-09,0.5189999206004803,1040927693462.4944,3.815627771883768e-15,1.0345129053463144e-13,9.207560386650828e+18,5.011307972905623e+18,0.9988150071433506,13.130451515211371,338319292279.876,-0.6294727389022402,0.7816888512023178,0.021899227780919,-0.6933993411779583,-0.0426819654013917,-1.2302883961151585,1.21086235355405,0.4015051624413142,1.3370409853859977,-0.064376423376776,-0.8421646818915163,1.6070384682503314,-1.587034120313033,0.0573029026498171,cc3991e62a14ff65,trajectory_004,20261001,6,3,cc3991e62a14ff65:trajectory_004:00003,True,12.058241733501728,1143514651611.2937,821893482486.4958,1.097278921911308,0.5576963940873337,-1.9285158779533497e-06,1.438363342048647e-06,1.7011852625842274e-06,False,468,268.13679779996164,`gtol` termination condition is satisfied.,5,350 C anneal,350.0,1.1879,0.5561,1.097281038033172,0.5576955919178614,True,True
4.1116256546158685e-09,0.8087276779918083,780781098182.1285,1.2627661001357952e-14,1.174323525246048e-13,8.525391690643602e+18,4.88261205517695e+18,1.059765459997243,12.752034103968128,291916194210.7201,-0.1125310116509144,-1.0303645011526654,0.6031293049097934,0.2217873611002806,0.5803073861749931,-0.8267752142721817,0.2935992190697766,-0.908949878110232,-0.2577232378588843,-0.7388250547772897,-0.1733268775960258,0.2888643667502034,0.3308283454107838,-1.0817742822449066,cc3991e62a14ff65,trajectory_004,20261001,6,4,cc3991e62a14ff65:trajectory_004:00004,True,12.471983626617476,2964719614207.3467,-1678048875419.0205,0.9844499507510234,0.75423511296907,0.0376942386045956,-7.061265713468278e-05,0.0266538984965383,False,169,1001.0934950998052,`ftol` termination condition is satisfied.,0,As-deposited,25.0,0.91987,0.74597,0.9480325346871298,0.754288373394909,True,False
4.1116256546158685e-09,0.8087276779918083,780781098182.1285,1.2627661001357952e-14,1.174323525246048e-13,8.525391690643602e+18,4.88261205517695e+18,1.059765459997243,12.752034103968128,291916194210.7201,-0.1125310116509144,-1.0303645011526654,0.6031293049097934,0.2217873611002806,0.5803073861749931,-0.8267752142721817,0.2935992190697766,-0.908949878110232,-0.2577232378588843,-0.7388250547772897,-0.1733268775960258,0.2888643667502034,0.3308283454107838,-1.0817742822449066,cc3991e62a14ff65,trajectory_004,20261001,6,4,cc3991e62a14ff65:trajectory_004:00004,True,11.796278090435,625573135855.4031,981371559026.4784,1.324556925810581,0.6710768171280537,-1.0644678931626604e-06,-4.519345705263821e-07,8.177214536781514e-07,False,230,252.842795799952,`gtol` termination condition is satisfied.,1,150 C anneal,150.0,1.286678,0.6994,1.3245583357596515,0.6710771204109354,True,True
4.1116256546158685e-09,0.8087276779918083,780781098182.1285,1.2627661001357952e-14,1.174323525246048e-13,8.525391690643602e+18,4.88261205517695e+18,1.059765459997243,12.752034103968128,291916194210.7201,-0.1125310116509144,-1.0303645011526654,0.6031293049097934,0.2217873611002806,0.5803073861749931,-0.8267752142721817,0.2935992190697766,-0.908949878110232,-0.2577232378588843,-0.7388250547772897,-0.1733268775960258,0.2888643667502034,0.3308283454107838,-1.0817742822449066,cc3991e62a14ff65,trajectory_004,20261001,6,4,cc3991e62a14ff65:trajectory_004:00004,True,11.678839018878236,477352299379.3789,1279838675284.415,1.8018456131748253,0.6274269654027028,-1.1637738472851439e-07,-2.367263492318684e-07,1.8652487782719122e-07,False,294,262.96560840005986,`gtol` termination condition is satisfied.,2,200 C anneal,200.0,1.775588,0.6566,1.8018458228689176,0.6274271139312153,True,True
4.1116256546158685e-09,0.8087276779918083,780781098182.1285,1.2627661001357952e-14,1.174323525246048e-13,8.525391690643602e+18,4.88261205517695e+18,1.059765459997243,12.752034103968128,291916194210.7201,-0.1125310116509144,-1.0303645011526654,0.6031293049097934,0.2217873611002806,0.5803073861749931,-0.8267752142721817,0.2935992190697766,-0.908949878110232,-0.2577232378588843,-0.7388250547772897,-0.1733268775960258,0.2888643667502034,0.3308283454107838,-1.0817742822449066,cc3991e62a14ff65,trajectory_004,20261001,6,4,cc3991e62a14ff65:trajectory_004:00004,True,11.542732518048744,348925346181.06494,1590248731754.276,2.78941663939052,0.5752784415899503,4.9927799491145e-06,-4.431016384378821e-06,4.7202625890364055e-06,False,373,314.3625666999724,`gtol` termination condition is satisfied.,3,250 C anneal,250.0,2.82558,0.59693,2.7894027124818206,0.5752809906637981,True,True
4.1116256546158685e-09,0.8087276779918083,780781098182.1285,1.2627661001357952e-14,1.174323525246048e-13,8.525391690643602e+18,4.88261205517695e+18,1.059765459997243,12.752034103968128,291916194210.7201,-0.1125310116509144,-1.0303645011526654,0.6031293049097934,0.2217873611002806,0.5803073861749931,-0.8267752142721817,0.2935992190697766,-0.908949878110232,-0.2577232378588843,-0.7388250547772897,-0.1733268775960258,0.2888643667502034,0.3308283454107838,-1.0817742822449066,cc3991e62a14ff65,trajectory_004,20261001,6,4,cc3991e62a14ff65:trajectory_004:00004,True,11.689721826155273,489465207202.23535,1326762051747.4817,1.8325887402566736,0.5856967240009602,-2.1505324879567243e-07,-3.160629818646532e-06,2.240070171929351e-06,False,434,229.42747829994187,`gtol` termination condition is satisfied.,4,300 C anneal,300.0,1.84854,0.5773,1.8325891343608784,0.5856985751744161,True,True
4.1116256546158685e-09,0.8087276779918083,780781098182.1285,1.2627661001357952e-14,1.174323525246048e-13,8.525391690643602e+18,4.88261205517695e+18,1.059765459997243,12.752034103968128,291916194210.7201,-0.1125310116509144,-1.0303645011526654,0.6031293049097934,0.2217873611002806,0.5803073861749931,-0.8267752142721817,0.2935992190697766,-0.908949878110232,-0.2577232378588843,-0.7388250547772897,-0.1733268775960258,0.2888643667502034,0.3308283454107838,-1.0817742822449066,cc3991e62a14ff65,trajectory_004,20261001,6,4,cc3991e62a14ff65:trajectory_004:00004,True,11.906572695471604,806441178237.8679,993675595247.5156,1.2077134740733984,0.5268204636987641,4.214580597893774e-07,3.943233792526063e-07,4.0811629689747835e-07,False,511,295.6453526997939,`gtol` termination condition is satisfied.,5,350 C anneal,350.0,1.1879,0.5561,1.207712965072928,0.5268202559611795,True,True
6.002626545174361e-09,0.0830636629649777,523146928284.6706,4.503528148986842e-15,2.6804194092998332e-14,8.470654029726438e+18,5.328243343366812e+18,0.9161881106693468,12.07089413638681,-64877352788.68707,-1.137699075529096,-0.2999893624625023,-1.2355266246478451,-0.9763932229890684,-1.047753090898866,1.235813079501296,-0.0849794880806289,1.076289518987381,0.5855200676645993,0.1471595252464754,1.0449661813352185,0.8926590236003393,0.6957814975358839,0.580132066304913,cc3991e62a14ff65,trajectory_004,20261001,6,5,cc3991e62a14ff65:trajectory_004:00005,True,11.999646550524114,999186483589.7462,-227591416527.46487,0.864763745175483,0.7104256256395379,3.1818268975741985e-07,-1.4606133672474623e-06,1.057031606112901e-06,False,104,574.3418282000348,`gtol` termination condition is satisfied.,0,As-deposited,25.0,0.91987,0.74597,0.8647634700226724,0.710426663297461,True,True
6.002626545174361e-09,0.0830636629649777,523146928284.6706,4.503528148986842e-15,2.6804194092998332e-14,8.470654029726438e+18,5.328243343366812e+18,0.9161881106693468,12.07089413638681,-64877352788.68707,-1.137699075529096,-0.2999893624625023,-1.2355266246478451,-0.9763932229890684,-1.047753090898866,1.235813079501296,-0.0849794880806289,1.076289518987381,0.5855200676645993,0.1471595252464754,1.0449661813352185,0.8926590236003393,0.6957814975358839,0.580132066304913,cc3991e62a14ff65,trajectory_004,20261001,6,5,cc3991e62a14ff65:trajectory_004:00005,True,11.773322468952768,593365742356.8729,365569839715.42944,1.2210074275597214,0.743978940843696,2.297725110434587e-07,-7.494894643607597e-07,5.54314831128933e-07,False,184,339.7340578001458,`gtol` termination condition is satisfied.,1,150 C anneal,150.0,1.286678,0.6994,1.221007147005811,0.7439794984482828,True,True
6.002626545174361e-09,0.0830636629649777,523146928284.6706,4.503528148986842e-15,2.6804194092998332e-14,8.470654029726438e+18,5.328243343366812e+18,0.9161881106693468,12.07089413638681,-64877352788.68707,-1.137699075529096,-0.2999893624625023,-1.2355266246478451,-0.9763932229890684,-1.047753090898866,1.235813079501296,-0.0849794880806289,1.076289518987381,0.5855200676645993,0.1471595252464754,1.0449661813352185,0.8926590236003393,0.6957814975358839,0.580132066304913,cc3991e62a14ff65,trajectory_004,20261001,6,5,cc3991e62a14ff65:trajectory_004:00005,True,11.66165524571268,458833634122.9398,719742646478.3854,1.7680621331888604,0.6929041131107124,1.4455323299952347e-06,2.1436801265543517e-06,1.8282407120023245e-06,False,255,273.1042968998663,`gtol` termination condition is satisfied.,2,200 C anneal,200.0,1.775588,0.6566,1.7680595773997327,0.6929026277475276,True,True
6.002626545174361e-09,0.0830636629649777,523146928284.6706,4.503528148986842e-15,2.6804194092998332e-14,8.470654029726438e+18,5.328243343366812e+18,0.9161881106693468,12.07089413638681,-64877352788.68707,-1.137699075529096,-0.2999893624625023,-1.2355266246478451,-0.9763932229890684,-1.047753090898866,1.235813079501296,-0.0849794880806289,1.076289518987381,0.5855200676645993,0.1471595252464754,1.0449661813352185,0.8926590236003393,0.6957814975358839,0.580132066304913,cc3991e62a14ff65,trajectory_004,20261001,6,5,cc3991e62a14ff65:trajectory_004:00005,True,11.49084799925886,309633540875.09235,1209146823160.2368,2.909521293316852,0.6013377763622567,-1.0930066839703471e-06,-1.0292927466246637e-06,1.0616277995272162e-06,False,347,351.4606977000367,`gtol` termination condition is satisfied.,3,250 C anneal,250.0,2.82558,0.59693,2.9095244734448107,0.6013383953151867,True,True
6.002626545174361e-09,0.0830636629649777,523146928284.6706,4.503528148986842e-15,2.6804194092998332e-14,8.470654029726438e+18,5.328243343366812e+18,0.9161881106693468,12.07089413638681,-64877352788.68707,-1.137699075529096,-0.2999893624625023,-1.2355266246478451,-0.9763932229890684,-1.047753090898866,1.235813079501296,-0.0849794880806289,1.076289518987381,0.5855200676645993,0.1471595252464754,1.0449661813352185,0.8926590236003393,0.6957814975358839,0.580132066304913,cc3991e62a14ff65,trajectory_004,20261001,6,5,cc3991e62a14ff65:trajectory_004:00005,True,11.665133920559166,462523624807.28735,867361847334.8073,1.947687843543396,0.6036485483948835,-1.4996018506647222e-06,-2.858184588767325e-06,2.282326100054953e-06,False,436,381.8904360998422,`gtol` termination condition is satisfied.,4,300 C anneal,300.0,1.84854,0.5773,1.9476907643018808,0.6036502737363272,True,True
6.002626545174361e-09,0.0830636629649777,523146928284.6706,4.503528148986842e-15,2.6804194092998332e-14,8.470654029726438e+18,5.328243343366812e+18,0.9161881106693468,12.07089413638681,-64877352788.68707,-1.137699075529096,-0.2999893624625023,-1.2355266246478451,-0.9763932229890684,-1.047753090898866,1.235813079501296,-0.0849794880806289,1.076289518987381,0.5855200676645993,0.1471595252464754,1.0449661813352185,0.8926590236003393,0.6957814975358839,0.580132066304913,cc3991e62a14ff65,trajectory_004,20261001,6,5,cc3991e62a14ff65:trajectory_004:00005,True,11.837909314093173,688508512481.5449,523789990702.1991,1.2299529646887923,0.5724671397892495,-1.886274086081899e-07,5.985242811001058e-07,4.437406981248393e-07,False,508,380.9102929001674,`gtol` termination condition is satisfied.,5,350 C anneal,350.0,1.1879,0.5561,1.2299531966916546,0.5724667971538687,True,True
4.307933341444505e-09,0.1391104221443687,405308151002.585,4.111139449366796e-15,2.890080109086383e-14,8.308822188588702e+18,5.006271572451516e+18,0.9803364639371118,13.43778443233895,290623216656.2163,-0.2394940059020041,1.1946281469453326,0.48626972755871734,0.3087570163047536,1.1834234316979932,-0.39744211174662775,0.19818086867579032,1.8617655318518744,-0.2923572584179776,-0.37254366606006517,1.324682730442549,1.988649460911049,1.7444742568553107,-0.5127766916000177,cc3991e62a14ff65,trajectory_005,20261002,6,0,cc3991e62a14ff65:trajectory_005:00000,True,11.764543690487839,581491928073.8666,416424125626.4267,0.9425094650117938,0.7575751922916758,1.1963577656773266e-07,-4.395245718506554e-07,3.220982523202093e-07,False,100,511.31337049999274,`gtol` termination condition is satisfied.,0,As-deposited,25.0,0.91987,0.74597,0.9425093522539488,0.757575525264661,True,True
4.307933341444505e-09,0.1391104221443687,405308151002.585,4.111139449366796e-15,2.890080109086383e-14,8.308822188588702e+18,5.006271572451516e+18,0.9803364639371118,13.43778443233895,290623216656.2163,-0.2394940059020041,1.1946281469453326,0.48626972755871734,0.3087570163047536,1.1834234316979932,-0.39744211174662775,0.19818086867579032,1.8617655318518744,-0.2923572584179776,-0.37254366606006517,1.324682730442549,1.988649460911049,1.7444742568553107,-0.5127766916000177,cc3991e62a14ff65,trajectory_005,20261002,6,0,cc3991e62a14ff65:trajectory_005:00000,True,11.658686921671263,455708282198.8503,775172702788.9404,1.3651123220941532,0.6856397502576337,1.8378550847998633e-06,1.6253497681701685e-06,1.734859242361687e-06,False,185,300.54472590005025,`gtol` termination condition is satisfied.,1,150 C anneal,150.0,1.286678,0.6994,1.365109813217836,0.6856386358541302,True,True
4.307933341444505e-09,0.1391104221443687,405308151002.585,4.111139449366796e-15,2.890080109086383e-14,8.308822188588702e+18,5.006271572451516e+18,0.9803364639371118,13.43778443233895,290623216656.2163,-0.2394940059020041,1.1946281469453326,0.48626972755871734,0.3087570163047536,1.1834234316979932,-0.39744211174662775,0.19818086867579032,1.8617655318518744,-0.2923572584179776,-0.37254366606006517,1.324682730442549,1.988649460911049,1.7444742568553107,-0.5127766916000177,cc3991e62a14ff65,trajectory_005,20261002,6,0,cc3991e62a14ff65:trajectory_005:00000,True,11.54082530314739,347396391617.41034,955967901239.6799,1.7919573923492695,0.7201472195127377,-0.0007321414305419704,-0.000707619005973266,0.0007199846289785068,False,277,332.802348600002,`xtol` termination condition is satisfied.,2,200 C anneal,200.0,1.775588,0.6566,1.793269838987628,0.7206569897126336,True,True
4.307933341444505e-09,0.1391104221443687,405308151002.585,4.111139449366796e-15,2.890080109086383e-14,8.308822188588702e+18,5.006271572451516e+18,0.9803364639371118,13.43778443233895,290623216656.2163,-0.2394940059020041,1.1946281469453326,0.48626972755871734,0.3087570163047536,1.1834234316979932,-0.39744211174662775,0.19818086867579032,1.8617655318518744,-0.2923572584179776,-0.37254366606006517,1.324682730442549,1.988649460911049,1.7444742568553107,-0.5127766916000177,cc3991e62a14ff65,trajectory_005,20261002,6,0,cc3991e62a14ff65:trajectory_005:00000,True,11.280731351000213,190867221314.81277,1572120640930.7195,2.7845781829208303,0.5859143708533936,6.112175236510096e-07,9.837925668775851e-07,8.189733438463245e-07,False,358,272.05428720009513,`gtol` termination condition is satisfied.,3,250 C anneal,250.0,2.82558,0.59693,2.784576480938369,0.5859137944354743,True,True
4.307933341444505e-09,0.1391104221443687,405308151002.585,4.111139449366796e-15,2.890080109086383e-14,8.308822188588702e+18,5.006271572451516e+18,0.9803364639371118,13.43778443233895,290623216656.2163,-0.2394940059020041,1.1946281469453326,0.48626972755871734,0.3087570163047536,1.1834234316979932,-0.39744211174662775,0.19818086867579032,1.8617655318518744,-0.2923572584179776,-0.37254366606006517,1.324682730442549,1.988649460911049,1.7444742568553107,-0.5127766916000177,cc3991e62a14ff65,trajectory_005,20261002,6,0,cc3991e62a14ff65:trajectory_005:00000,True,11.53059850297539,339311440545.3718,1099638470381.316,1.9751199948456368,0.6376523070435891,-1.1214581184840112e-06,-1.3736054758464035e-06,1.2538860224894693e-06,False,441,278.35256620007567,`gtol` termination condition is satisfied.,4,300 C anneal,300.0,1.84854,0.5773,1.975122209861232,0.6376531829268913,True,True
4.307933341444505e-09,0.1391104221443687,405308151002.585,4.111139449366796e-15,2.890080109086383e-14,8.308822188588702e+18,5.006271572451516e+18,0.9803364639371118,13.43778443233895,290623216656.2163,-0.2394940059020041,1.1946281469453326,0.48626972755871734,0.3087570163047536,1.1834234316979932,-0.39744211174662775,0.19818086867579032,1.8617655318518744,-0.2923572584179776,-0.37254366606006517,1.324682730442549,1.988649460911049,1.7444742568553107,-0.5127766916000177,cc3991e62a14ff65,trajectory_005,20261002,6,0,cc3991e62a14ff65:trajectory_005:00000,True,11.735090071195616,543363011444.28406,856506080362.6215,1.2961648735771114,0.5420214944139803,-9.480511799873913e-07,-3.6413698430705684e-06,2.6606742917819967e-06,False,541,330.6888310001232,`gtol` termination condition is satisfied.,5,350 C anneal,350.0,1.1879,0.5561,1.2961661024083317,0.5420234681182978,True,True
7.952024665721798e-09,0.8094784002759521,904665955742.3214,1.3690118920271471e-14,7.550630964441159e-14,8.856210327059772e+18,4.640117082652843e+18,1.0582270653601562,12.086666342001728,-55426178524.430725,1.1758390423186031,-0.0358037720496877,-0.9322542662526653,-2.281536325012585,-1.2168515336375734,0.6218790548754528,-0.05640148128327017,-0.19925843477365413,-2.575829303548901,-1.5605759590626527,0.1904258450224303,0.8173939594327202,-0.44501839928858494,-0.10587278447265348,cc3991e62a14ff65,trajectory_005,20261002,6,1,cc3991e62a14ff65:trajectory_005:00001,True,12.488746871950042,3081391441220.3174,-1812518099641.3801,1.010475985769265,0.6654193889214232,0.1405571294616933,-0.00019106676169295856,0.0993889912138629,False,115,433.77140949992463,`ftol` termination condition is satisfied.,0,As-deposited,25.0,0.91987,0.74597,0.8779763371328838,0.6655465405960747,True,False
7.952024665721798e-09,0.8094784002759521,904665955742.3214,1.3690118920271471e-14,7.550630964441159e-14,8.856210327059772e+18,4.640117082652843e+18,1.0582270653601562,12.086666342001728,-55426178524.430725,1.1758390423186031,-0.0358037720496877,-0.9322542662526653,-2.281536325012585,-1.2168515336375734,0.6218790548754528,-0.05640148128327017,-0.19925843477365413,-2.575829303548901,-1.5605759590626527,0.1904258450224303,0.8173939594327202,-0.44501839928858494,-0.10587278447265348,cc3991e62a14ff65,trajectory_005,20261002,6,1,cc3991e62a14ff65:trajectory_005:00001,True,11.866699322320864,735697571262.5652,578517097874.115,1.210724779121157,0.7214888045111816,-1.9550837527064755e-06,8.375746900555596e-08,1.3837210328875997e-06,False,179,218.54038570006378,`gtol` termination condition is satisfied.,1,150 C anneal,150.0,1.286678,0.6994,1.2107271461918157,0.721488744081108,True,True
7.952024665721798e-09,0.8094784002759521,904665955742.3214,1.3690118920271471e-14,7.550630964441159e-14,8.856210327059772e+18,4.640117082652843e+18,1.0582270653601562,12.086666342001728,-55426178524.430725,1.1758390423186031,-0.0358037720496877,-0.9322542662526653,-2.281536325012585,-1.2168515336375734,0.6218790548754528,-0.05640148128327017,-0.19925843477365413,-2.575829303548901,-1.5605759590626527,0.1904258450224303,0.8173939594327202,-0.44501839928858494,-0.10587278447265348,cc3991e62a14ff65,trajectory_005,20261002,6,1,cc3991e62a14ff65:trajectory_005:00001,True,11.706974300409415,509300732042.9557,1026507548894.8488,1.7705860349565603,0.6500902873247574,-9.766295728303894e-07,-8.265087853546841e-07,9.046883703229925e-07,False,252,238.77195990015753,`gtol` termination condition is satisfied.,2,200 C anneal,200.0,1.775588,0.6566,1.7705877641640877,0.6500908246303132,True,True
7.952024665721798e-09,0.8094784002759521,904665955742.3214,1.3690118920271471e-14,7.550630964441159e-14,8.856210327059772e+18,4.640117082652843e+18,1.0582270653601562,12.086666342001728,-55426178524.430725,1.1758390423186031,-0.0358037720496877,-0.9322542662526653,-2.281536325012585,-1.2168515336375734,0.6218790548754528,-0.05640148128327017,-0.19925843477365413,-2.575829303548901,-1.5605759590626527,0.1904258450224303,0.8173939594327202,-0.44501839928858494,-0.10587278447265348,cc3991e62a14ff65,trajectory_005,20261002,6,1,cc3991e62a14ff65:trajectory_005:00001,True,11.62907019871733,425667211791.49286,1318607408384.0874,2.4841296681342504,0.5521230061100368,1.7596876717385056e-07,-1.97025035822375e-07,1.8679383255543126e-07,False,316,206.87604709994048,`gtol` termination condition is satisfied.,3,250 C anneal,250.0,2.82558,0.59693,2.4841292310050536,0.5521231148921026,True,True
7.952024665721798e-09,0.8094784002759521,904665955742.3214,1.3690118920271471e-14,7.550630964441159e-14,8.856210327059772e+18,4.640117082652843e+18,1.0582270653601562,12.086666342001728,-55426178524.430725,1.1758390423186031,-0.0358037720496877,-0.9322542662526653,-2.281536325012585,-1.2168515336375734,0.6218790548754528,-0.05640148128327017,-0.19925843477365413,-2.575829303548901,-1.5605759590626527,0.1904258450224303,0.8173939594327202,-0.44501839928858494,-0.10587278447265348,cc3991e62a14ff65,trajectory_005,20261002,6,1,cc3991e62a14ff65:trajectory_005:00001,True,11.705830304769004,507960924290.85614,1100838716062.2288,1.866223758403547,0.6013824433787519,-4.219427818032361e-07,-6.828288202449802e-07,5.675785887756007e-07,False,381,226.59877309994772,`gtol` termination condition is satisfied.,4,300 C anneal,300.0,1.84854,0.5773,1.8662245458433573,0.6013828540201565,True,True
7.952024665721798e-09,0.8094784002759521,904665955742.3214,1.3690118920271471e-14,7.550630964441159e-14,8.856210327059772e+18,4.640117082652843e+18,1.0582270653601562,12.086666342001728,-55426178524.430725,1.1758390423186031,-0.0358037720496877,-0.9322542662526653,-2.281536325012585,-1.2168515336375734,0.6218790548754528,-0.05640148128327017,-0.19925843477365413,-2.575829303548901,-1.5605759590626527,0.1904258450224303,0.8173939594327202,-0.44501839928858494,-0.10587278447265348,cc3991e62a14ff65,trajectory_005,20261002,6,1,cc3991e62a14ff65:trajectory_005:00001,True,11.953648206662207,898769252845.6086,636036482537.6528,1.1617562693801229,0.5531625098855227,-3.2368837676919615e-06,-2.6670246888925557e-06,2.965673381941287e-06,False,454,347.64675460010767,`gtol` termination condition is satisfied.,5,350 C anneal,350.0,1.1879,0.5561,1.1617600298562194,0.5531639851855609,True,True
3.0054612180466462e-09,0.22132408731962605,1393194354069.285,1.3010130474909302e-14,2.1223990328733054e-13,7.861749021029114e+18,5.124211172728987e+18,1.0063307924110472,12.985940169270751,491219820776.886,-0.47234440673520717,0.29985315872977575,-0.18356771768839955,0.7781471785498735,-0.8026218365221269,0.017570015205572193,0.8441960431496609,-1.1936760661299006,1.2263522384779335,0.3049544119281579,0.5078278758972102,0.3875292380982341,-0.24809374398148645,1.4567963403177244,cc3991e62a14ff65,trajectory_005,20261002,6,2,cc3991e62a14ff65:trajectory_005:00002,True,12.553760222973077,3578987841180.5044,-748499052895.7756,1.0376028747113197,0.7752994175775783,0.12961443371100753,-0.0003434438427943198,0.0916515667621081,False,129,772.974759799894,`ftol` termination condition is satisfied.,0,As-deposited,25.0,0.91987,0.74597,0.9114657061027347,0.7755657351188094,True,False
3.0054612180466462e-09,0.22132408731962605,1393194354069.285,1.3010130474909302e-14,2.1223990328733054e-13,7.861749021029114e+18,5.124211172728987e+18,1.0063307924110472,12.985940169270751,491219820776.886,-0.47234440673520717,0.29985315872977575,-0.18356771768839955,0.7781471785498735,-0.8026218365221269,0.017570015205572193,0.8441960431496609,-1.1936760661299006,1.2263522384779335,0.3049544119281579,0.5078278758972102,0.3875292380982341,-0.24809374398148645,1.4567963403177244,cc3991e62a14ff65,trajectory_005,20261002,6,2,cc3991e62a14ff65:trajectory_005:00002,True,12.044151819710136,1107010702712.185,1586456729387.5305,1.2360604897641077,0.7000123823501645,-3.313457308414003e-06,-3.3014309355969748e-06,3.307449588217399e-06,False,204,262.3570503999945,`gtol` termination condition is satisfied.,1,150 C anneal,150.0,1.286678,0.6994,1.2360645854045564,0.7000146933965138,True,True
3.0054612180466462e-09,0.22132408731962605,1393194354069.285,1.3010130474909302e-14,2.1223990328733054e-13,7.861749021029114e+18,5.124211172728987e+18,1.0063307924110472,12.985940169270751,491219820776.886,-0.47234440673520717,0.29985315872977575,-0.18356771768839955,0.7781471785498735,-0.8026218365221269,0.017570015205572193,0.8441960431496609,-1.1936760661299006,1.2263522384779335,0.3049544119281579,0.5078278758972102,0.3875292380982341,-0.24809374398148645,1.4567963403177244,cc3991e62a14ff65,trajectory_005,20261002,6,2,cc3991e62a14ff65:trajectory_005:00002,True,12.005266650346972,1012200739696.908,2376669862313.786,1.8521390194576526,0.6185579732840134,-2.399247358835946e-07,-2.8225310264444745e-07,2.6194531188897963e-07,False,287,318.0281873999629,`gtol` termination condition is satisfied.,2,200 C anneal,200.0,1.775588,0.6566,1.852139463831671,0.6185581478739451,True,True
3.0054612180466462e-09,0.22132408731962605,1393194354069.285,1.3010130474909302e-14,2.1223990328733054e-13,7.861749021029114e+18,5.124211172728987e+18,1.0063307924110472,12.985940169270751,491219820776.886,-0.47234440673520717,0.29985315872977575,-0.18356771768839955,0.7781471785498735,-0.8026218365221269,0.017570015205572193,0.8441960431496609,-1.1936760661299006,1.2263522384779335,0.3049544119281579,0.5078278758972102,0.3875292380982341,-0.24809374398148645,1.4567963403177244,cc3991e62a14ff65,trajectory_005,20261002,6,2,cc3991e62a14ff65:trajectory_005:00002,True,11.939654155483584,870270286010.1755,2939978366961.694,3.004305349073141,0.6061017504642254,1.5111046864474361e-05,3.028482914383309e-07,1.0687269399336004e-05,False,396,413.38619340001605,`gtol` termination condition is satisfied.,3,250 C anneal,250.0,2.82558,0.59693,3.0042599512172212,0.6061015669073737,True,True
3.0054612180466462e-09,0.22132408731962605,1393194354069.285,1.3010130474909302e-14,2.1223990328733054e-13,7.861749021029114e+18,5.124211172728987e+18,1.0063307924110472,12.985940169270751,491219820776.886,-0.47234440673520717,0.29985315872977575,-0.18356771768839955,0.7781471785498735,-0.8026218365221269,0.017570015205572193,0.8441960431496609,-1.1936760661299006,1.2263522384779335,0.3049544119281579,0.5078278758972102,0.3875292380982341,-0.24809374398148645,1.4567963403177244,cc3991e62a14ff65,trajectory_005,20261002,6,2,cc3991e62a14ff65:trajectory_005:00002,True,12.394735008353962,2481618444507.3765,3903670171353.964,1.895588427438554,0.6016328073243269,-0.00025822598913306625,0.021908780628277037,0.015492923372937577,False,624,877.5683714000043,`ftol` termination condition is satisfied.,4,300 C anneal,300.0,1.84854,0.5773,1.8960779808402037,0.5885951076786228,True,True
3.0054612180466462e-09,0.22132408731962605,1393194354069.285,1.3010130474909302e-14,2.1223990328733054e-13,7.861749021029114e+18,5.124211172728987e+18,1.0063307924110472,12.985940169270751,491219820776.886,-0.47234440673520717,0.29985315872977575,-0.18356771768839955,0.7781471785498735,-0.8026218365221269,0.017570015205572193,0.8441960431496609,-1.1936760661299006,1.2263522384779335,0.3049544119281579,0.5078278758972102,0.3875292380982341,-0.24809374398148645,1.4567963403177244,cc3991e62a14ff65,trajectory_005,20261002,6,2,cc3991e62a14ff65:trajectory_005:00002,False,12.517198467254852,3290019463839.41,3408260318309.7036,1.1730224203339974,0.6016356875076365,-0.00019867195638601426,0.005864140656892319,0.004148952650372846,False,922,1096.461889399914,The maximum number of function evaluations is exceeded.,5,350 C anneal,350.0,1.1879,0.5561,1.1732554901445809,0.5981179355886515,False,False
5.799989151618699e-09,0.566576350029527,2061435771891.082,5.121233445777279e-15,1.547299651008333e-13,9.291835703125338e+18,4.874049968989391e+18,1.0850441473293415,12.294769152309833,99621829266.3667,-1.6199496024828695,-0.5222961047382007,1.4734602619972579,-0.18833783235522045,0.8873941044261406,-2.3192892162419367,-1.4428132807210394,-0.7642487981015932,-0.9321058556091142,1.2460865736442817,-0.5636161338495946,-1.5997815910391855,0.10762299825748796,-1.06398214599394,cc3991e62a14ff65,trajectory_005,20261002,6,3,cc3991e62a14ff65:trajectory_005:00003,True,12.82726695400294,6718416965768.313,-2874454279291.2207,1.050453176345377,0.7391004667571597,0.05907157774926498,0.0001653680114618258,0.04177007687547793,False,109,608.837114199996,`ftol` termination condition is satisfied.,0,As-deposited,25.0,0.91987,0.74597,0.9901984413109697,0.7389782532880792,True,False
5.799989151618699e-09,0.566576350029527,2061435771891.082,5.121233445777279e-15,1.547299651008333e-13,9.291835703125338e+18,4.874049968989391e+18,1.0850441473293415,12.294769152309833,99621829266.3667,-1.6199496024828695,-0.5222961047382007,1.4734602619972579,-0.18833783235522045,0.8873941044261406,-2.3192892162419367,-1.4428132807210394,-0.7642487981015932,-0.9321058556091142,1.2460865736442817,-0.5636161338495946,-1.5997815910391855,0.10762299825748796,-1.06398214599394,cc3991e62a14ff65,trajectory_005,20261002,6,3,cc3991e62a14ff65:trajectory_005:00003,True,12.036802218255307,1088434297348.7694,1653207132528.457,1.3450549143799775,0.6228217715903395,1.43247434011139e-06,2.033126940568757e-06,1.7586341136723177e-06,False,163,262.98534350004047,`gtol` termination condition is satisfied.,1,150 C anneal,150.0,1.286678,0.6994,1.3450529876247066,0.6228205053159037,True,True
5.799989151618699e-09,0.566576350029527,2061435771891.082,5.121233445777279e-15,1.547299651008333e-13,9.291835703125338e+18,4.874049968989391e+18,1.0850441473293415,12.294769152309833,99621829266.3667,-1.6199496024828695,-0.5222961047382007,1.4734602619972579,-0.18833783235522045,0.8873941044261406,-2.3192892162419367,-1.4428132807210394,-0.7642487981015932,-0.9321058556091142,1.2460865736442817,-0.5636161338495946,-1.5997815910391855,0.10762299825748796,-1.06398214599394,cc3991e62a14ff65,trajectory_005,20261002,6,3,cc3991e62a14ff65:trajectory_005:00003,True,11.94007711386134,871118253050.9738,1835324262160.251,1.6520045005133173,0.6319811467996297,-1.572263217613479e-06,-3.0024737528698085e-06,2.3965454577508438e-06,False,224,231.0003592998255,`gtol` termination condition is satisfied.,2,200 C anneal,200.0,1.775588,0.6566,1.6520070979012706,0.6319830443092839,True,True
5.799989151618699e-09,0.566576350029527,2061435771891.082,5.121233445777279e-15,1.547299651008333e-13,9.291835703125338e+18,4.874049968989391e+18,1.0850441473293415,12.294769152309833,99621829266.3667,-1.6199496024828695,-0.5222961047382007,1.4734602619972579,-0.18833783235522045,0.8873941044261406,-2.3192892162419367,-1.4428132807210394,-0.7642487981015932,-0.9321058556091142,1.2460865736442817,-0.5636161338495946,-1.5997815910391855,0.10762299825748796,-1.06398214599394,cc3991e62a14ff65,trajectory_005,20261002,6,3,cc3991e62a14ff65:trajectory_005:00003,True,11.761415484153128,577318512753.1793,2140909192087.8943,2.6969134776546713,0.6353044581050277,-3.9779490886327664e-07,1.633016040059763e-07,3.0406266080239717e-07,False,282,217.73993219994009,`gtol` termination condition is satisfied.,3,250 C anneal,250.0,2.82558,0.59693,2.696914550473336,0.6353043543587991,True,True
5.799989151618699e-09,0.566576350029527,2061435771891.082,5.121233445777279e-15,1.547299651008333e-13,9.291835703125338e+18,4.874049968989391e+18,1.0850441473293415,12.294769152309833,99621829266.3667,-1.6199496024828695,-0.5222961047382007,1.4734602619972579,-0.18833783235522045,0.8873941044261406,-2.3192892162419367,-1.4428132807210394,-0.7642487981015932,-0.9321058556091142,1.2460865736442817,-0.5636161338495946,-1.5997815910391855,0.10762299825748796,-1.06398214599394,cc3991e62a14ff65,trajectory_005,20261002,6,3,cc3991e62a14ff65:trajectory_005:00003,True,11.985559361489566,967295932343.93,2105810139680.5872,1.797173499392699,0.5329207065523016,-1.7902673813884771e-07,-3.376107257452011e-07,2.7021433632103696e-07,False,367,287.2225051999558,`gtol` termination condition is satisfied.,4,300 C anneal,300.0,1.84854,0.5773,1.7971738211348374,0.5329208864720785,True,True
5.799989151618699e-09,0.566576350029527,2061435771891.082,5.121233445777279e-15,1.547299651008333e-13,9.291835703125338e+18,4.874049968989391e+18,1.0850441473293415,12.294769152309833,99621829266.3667,-1.6199496024828695,-0.5222961047382007,1.4734602619972579,-0.18833783235522045,0.8873941044261406,-2.3192892162419367,-1.4428132807210394,-0.7642487981015932,-0.9321058556091142,1.2460865736442817,-0.5636161338495946,-1.5997815910391855,0.10762299825748796,-1.06398214599394,cc3991e62a14ff65,trajectory_005,20261002,6,3,cc3991e62a14ff65:trajectory_005:00003,True,12.180492713634882,1515279380922.4412,1690732311556.28,1.1942982884102142,0.5272833406658379,-9.38566721333782e-06,-1.0974511260874218e-05,1.02110392824281e-05,False,421,195.57258669985458,`gtol` termination condition is satisfied.,5,350 C anneal,350.0,1.1879,0.5561,1.1943094977491062,0.5272891273745508,True,True
2.094319353553479e-09,0.3149609907143347,1214843295232.5493,7.823802419418611e-15,3.3092192360714314e-14,8.131730777273064e+18,5.471668031468904e+18,0.9093377966359976,13.341576711633394,-338958240214.5497,0.5005351823955171,-2.575829303548901,-1.2650882428336616,1.456551394845995,0.2882896985681949,1.381340657146906,1.8232945745694136,0.8355743634956502,0.5864116433765242,0.6397792279718868,-0.0635463380951334,-0.6072808328660081,0.8121077218174083,0.8894247850850941,cc3991e62a14ff65,trajectory_005,20261002,6,4,cc3991e62a14ff65:trajectory_005:00004,True,12.562627689833578,3652815103347.69,-2461814157458.837,1.024099631206142,0.8026364455165472,0.17059115339706574,0.0003889114570283177,0.12062647484997359,False,91,463.82289989991114,`ftol` termination condition is satisfied.,0,As-deposited,25.0,0.91987,0.74597,0.863486223815733,0.8023243516994216,True,False
2.094319353553479e-09,0.3149609907143347,1214843295232.5493,7.823802419418611e-15,3.3092192360714314e-14,8.131730777273064e+18,5.471668031468904e+18,0.9093377966359976,13.341576711633394,-338958240214.5497,0.5005351823955171,-2.575829303548901,-1.2650882428336616,1.456551394845995,0.2882896985681949,1.381340657146906,1.8232945745694136,0.8355743634956502,0.5864116433765242,0.6397792279718868,-0.0635463380951334,-0.6072808328660081,0.8121077218174083,0.8894247850850941,cc3991e62a14ff65,trajectory_005,20261002,6,4,cc3991e62a14ff65:trajectory_005:00004,True,11.947178139625354,885478742478.4917,513677670592.62714,1.305355597349033,0.749414780510634,-2.6959419005651394e-06,2.7518044805924515e-06,2.7240163940981953e-06,False,138,180.53516019997187,`gtol` termination condition is satisfied.,1,150 C anneal,150.0,1.286678,0.6994,1.3053591165166267,0.7494127182705206,True,True
2.094319353553479e-09,0.3149609907143347,1214843295232.5493,7.823802419418611e-15,3.3092192360714314e-14,8.131730777273064e+18,5.471668031468904e+18,0.9093377966359976,13.341576711633394,-338958240214.5497,0.5005351823955171,-2.575829303548901,-1.2650882428336616,1.456551394845995,0.2882896985681949,1.381340657146906,1.8232945745694136,0.8355743634956502,0.5864116433765242,0.6397792279718868,-0.0635463380951334,-0.6072808328660081,0.8121077218174083,0.8894247850850941,cc3991e62a14ff65,trajectory_005,20261002,6,4,cc3991e62a14ff65:trajectory_005:00004,True,11.81396878282209,651581556559.3784,948114868024.194,1.9450636283508487,0.6846091714167225,-1.6740640964894664e-06,-5.600483482527249e-06,4.133273874135105e-06,False,188,187.48860230017453,`gtol` termination condition is satisfied.,2,200 C anneal,200.0,1.775588,0.6566,1.9450668845147598,0.6846130055698155,True,True
2.094319353553479e-09,0.3149609907143347,1214843295232.5493,7.823802419418611e-15,3.3092192360714314e-14,8.131730777273064e+18,5.471668031468904e+18,0.9093377966359976,13.341576711633394,-338958240214.5497,0.5005351823955171,-2.575829303548901,-1.2650882428336616,1.456551394845995,0.2882896985681949,1.381340657146906,1.8232945745694136,0.8355743634956502,0.5864116433765242,0.6397792279718868,-0.0635463380951334,-0.6072808328660081,0.8121077218174083,0.8894247850850941,cc3991e62a14ff65,trajectory_005,20261002,6,4,cc3991e62a14ff65:trajectory_005:00004,True,11.697609634009728,498436266156.709,1298324647883.5286,2.909668881353486,0.6163331135342422,5.05280417919191e-06,-1.2288899872371328e-06,3.677023298402589e-06,False,235,172.74997020000592,`gtol` termination condition is satisfied.,3,250 C anneal,250.0,2.82558,0.59693,2.9096541794035455,0.6163338709402997,True,True
2.094319353553479e-09,0.3149609907143347,1214843295232.5493,7.823802419418611e-15,3.3092192360714314e-14,8.131730777273064e+18,5.471668031468904e+18,0.9093377966359976,13.341576711633394,-338958240214.5497,0.5005351823955171,-2.575829303548901,-1.2650882428336616,1.456551394845995,0.2882896985681949,1.381340657146906,1.8232945745694136,0.8355743634956502,0.5864116433765242,0.6397792279718868,-0.0635463380951334,-0.6072808328660081,0.8121077218174083,0.8894247850850941,cc3991e62a14ff65,trajectory_005,20261002,6,4,cc3991e62a14ff65:trajectory_005:00004,True,11.875376425716258,750544463584.2703,1008809106721.0625,1.8426762835792776,0.5600344072500775,1.9538022334254903e-07,2.0293615016518707e-07,1.991940168745684e-07,False,282,171.61000069999136,`gtol` termination condition is satisfied.,4,300 C anneal,300.0,1.84854,0.5773,1.8426759235568089,0.5600342935988625,True,True
2.094319353553479e-09,0.3149609907143347,1214843295232.5493,7.823802419418611e-15,3.3092192360714314e-14,8.131730777273064e+18,5.471668031468904e+18,0.9093377966359976,13.341576711633394,-338958240214.5497,0.5005351823955171,-2.575829303548901,-1.2650882428336616,1.456551394845995,0.2882896985681949,1.381340657146906,1.8232945745694136,0.8355743634956502,0.5864116433765242,0.6397792279718868,-0.0635463380951334,-0.6072808328660081,0.8121077218174083,0.8894247850850941,cc3991e62a14ff65,trajectory_005,20261002,6,4,cc3991e62a14ff65:trajectory_005:00004,True,12.02631992766076,1062477954696.6135,567328414505.9463,1.2371198711760067,0.5813898099761784,-6.434938630907411e-06,2.087822648630965e-06,4.78369306057992e-06,False,330,177.43140460015275,`gtol` termination condition is satisfied.,5,350 C anneal,350.0,1.1879,0.5561,1.2371278319920704,0.5813885961386326,True,True
7.274583350356508e-09,0.7045416392005308,525598304410.02783,2.586451559357692e-14,3.0990175480961216e-13,8.513426917709959e+18,5.397463083063028e+18,0.95741376267557,13.868287262288465,-273455587824.2302,0.24943049288979185,0.6499807453771443,0.07134487189091682,-0.7617031326950361,-0.2259937070948618,-0.47869468422485206,-0.880726548862531,0.2414245870154515,0.30446772751412454,-0.5714409445767169,-1.6478295289508267,-0.18869826887764393,-2.575829303548901,0.14929720973227928,cc3991e62a14ff65,trajectory_005,20261002,6,5,cc3991e62a14ff65:trajectory_005:00005,True,12.31853412051968,2082255992068.7737,-2062228761645.47,1.0338049561396443,0.7180966393795182,0.11320180754413636,3.9269440222253254e-06,0.08004576580519601,False,136,697.6362352999859,`gtol` termination condition is satisfied.,0,As-deposited,25.0,0.91987,0.74597,0.9231572601081702,0.7180938194597496,True,False
7.274583350356508e-09,0.7045416392005308,525598304410.02783,2.586451559357692e-14,3.0990175480961216e-13,8.513426917709959e+18,5.397463083063028e+18,0.95741376267557,13.868287262288465,-273455587824.2302,0.24943049288979185,0.6499807453771443,0.07134487189091682,-0.7617031326950361,-0.2259937070948618,-0.47869468422485206,-0.880726548862531,0.2414245870154515,0.30446772751412454,-0.5714409445767169,-1.6478295289508267,-0.18869826887764393,-2.575829303548901,0.14929720973227928,cc3991e62a14ff65,trajectory_005,20261002,6,5,cc3991e62a14ff65:trajectory_005:00005,True,11.51801652443601,329622253709.63116,732447187409.7109,1.2722186162972309,0.6828589593359313,-1.6993967585543743e-06,2.4612399798066534e-07,1.2141923993682182e-06,False,191,229.10690870019607,`gtol` termination condition is satisfied.,1,150 C anneal,150.0,1.286678,0.6994,1.2722207783032606,0.6828587912679749,True,True
7.274583350356508e-09,0.7045416392005308,525598304410.02783,2.586451559357692e-14,3.0990175480961216e-13,8.513426917709959e+18,5.397463083063028e+18,0.95741376267557,13.868287262288465,-273455587824.2302,0.24943049288979185,0.6499807453771443,0.07134487189091682,-0.7617031326950361,-0.2259937070948618,-0.47869468422485206,-0.880726548862531,0.2414245870154515,0.30446772751412454,-0.5714409445767169,-1.6478295289508267,-0.18869826887764393,-2.575829303548901,0.14929720973227928,cc3991e62a14ff65,trajectory_005,20261002,6,5,cc3991e62a14ff65:trajectory_005:00005,True,11.353309124657107,225584431885.33884,1073932395748.8486,1.6990939292530538,0.6645739790098038,-1.8204885535248182e-07,-3.2123421994359864e-08,1.3071667830804258e-07,False,252,251.90241710003465,`gtol` termination condition is satisfied.,2,200 C anneal,200.0,1.775588,0.6566,1.699094238571187,0.6645740003581945,True,True
7.274583350356508e-09,0.7045416392005308,525598304410.02783,2.586451559357692e-14,3.0990175480961216e-13,8.513426917709959e+18,5.397463083063028e+18,0.95741376267557,13.868287262288465,-273455587824.2302,0.24943049288979185,0.6499807453771443,0.07134487189091682,-0.7617031326950361,-0.2259937070948618,-0.47869468422485206,-0.880726548862531,0.2414245870154515,0.30446772751412454,-0.5714409445767169,-1.6478295289508267,-0.18869826887764393,-2.575829303548901,0.14929720973227928,cc3991e62a14ff65,trajectory_005,20261002,6,5,cc3991e62a14ff65:trajectory_005:00005,True,11.169434651526513,147718419233.88864,1494369011223.358,2.868924884552943,0.5801156589962865,3.152688168714112e-07,-3.106346951409111e-07,3.129603335223061e-07,False,300,192.44720580009744,`gtol` termination condition is satisfied.,3,250 C anneal,250.0,2.82558,0.59693,2.868923980070532,0.5801158392003654,True,True
7.274583350356508e-09,0.7045416392005308,525598304410.02783,2.586451559357692e-14,3.0990175480961216e-13,8.513426917709959e+18,5.397463083063028e+18,0.95741376267557,13.868287262288465,-273455587824.2302,0.24943049288979185,0.6499807453771443,0.07134487189091682,-0.7617031326950361,-0.2259937070948618,-0.47869468422485206,-0.880726548862531,0.2414245870154515,0.30446772751412454,-0.5714409445767169,-1.6478295289508267,-0.18869826887764393,-2.575829303548901,0.14929720973227928,cc3991e62a14ff65,trajectory_005,20261002,6,5,cc3991e62a14ff65:trajectory_005:00005,True,11.394912527491167,248263302063.18863,1147027496103.9976,1.7023381937936657,0.571877603120374,-1.947711010890773e-06,-2.1606991008152743e-06,2.056963634366088e-06,False,352,204.36653960007243,`gtol` termination condition is satisfied.,4,300 C anneal,300.0,1.84854,0.5773,1.702341509459739,0.5718788387771317,True,True
7.274583350356508e-09,0.7045416392005308,525598304410.02783,2.586451559357692e-14,3.0990175480961216e-13,8.513426917709959e+18,5.397463083063028e+18,0.95741376267557,13.868287262288465,-273455587824.2302,0.24943049288979185,0.6499807453771443,0.07134487189091682,-0.7617031326950361,-0.2259937070948618,-0.47869468422485206,-0.880726548862531,0.2414245870154515,0.30446772751412454,-0.5714409445767169,-1.6478295289508267,-0.18869826887764393,-2.575829303548901,0.14929720973227928,cc3991e62a14ff65,trajectory_005,20261002,6,5,cc3991e62a14ff65:trajectory_005:00005,True,11.943738608079371,878493612456.267,-110359387396.94402,1.0443540222138832,0.5602674682919316,2.95657997133075e-06,1.2969738827701702e-06,2.282926452983327e-06,False,468,599.8482490999158,`gtol` termination condition is satisfied.,5,350 C anneal,350.0,1.1879,0.5561,1.0443509345022626,0.5602667416401291,True,True
